"Transaction Hash","Blockno","UnixTimestamp","DateTime (UTC)","From","To","ContractAddress","Value_IN(POL)","Value_OUT(POL)","CurrentValue @ $0.199566968991853/POL","TxnFee(POL)","TxnFee(USD)","Historical $Price/POL","Status","ErrCode","Method"
"0xeb6e94c33407cc52ed71a8d5681e0cf6f6ba5e17120544be2b13b30b7357e2f3","7517799","1606365783","2020-11-26 04:43:03","0xbc79c7139c87df965f0f4c24747f326d1864c5af","","0x914f8836e05328f404e7d3f7da0d8b6b414666bf","0","0","0","0.004703734","0.000938709937323925","0.02","","","0x60806040"
"0xe02258dcd79c602fd1def768b7b6beef18b512d7c9030bfe8388937c281843f8","8236017","1607847412","2020-12-13 08:16:52","0xbc79c7139c87df965f0f4c24747f326d1864c5af","0x2971adfa57b20e5a416ae5a708a8655a9c74f723","","0","0","0","0.0000217","0.00000433060322712321","0.02","","","Build"
"0xfe79dc460ad3672246ed3c7dcdd30516c0e9eef854c0590f6a034d9b968bc88e","9612494","1610697737","2021-01-15 08:02:17","0xbc79c7139c87df965f0f4c24747f326d1864c5af","0x720e1fa107a1df39db4e78a3633121ac36bec132","","0","20","3.99133937983706","0.001596","0.000318508882510997","0.03","","","Transfer"
"0x185468ae3f74cb7e4587ae25c3a4508dcfcbeb66f19d3a5cdaee16a93563c76c","10034921","1611600695","2021-01-25 18:51:35","0xbc79c7139c87df965f0f4c24747f326d1864c5af","0x8f3cf7ad23cd3cadbd9735aff958023239c6a063","","0","0","0","0.000046772","0.00000933414627368695","0.03","","","Approve"
"0x2279a3bee3d619c68632dc565586d2da183aac75983268f988af16edc10fc849","10034943","1611600739","2021-01-25 18:52:19","0xbc79c7139c87df965f0f4c24747f326d1864c5af","0xa5e0829caced8ffdd4de3c43696c57f7d7a678ff","","0","0","0","0.000184439","0.0000368079321938884","0.03","","","Swap Exact Tokens For Tokens"
"0x4a06b51621355cd241ae408ffd7105401de387ac20241f74663942f5d2d6a396","10099209","1611737478","2021-01-27 08:51:18","0xbc79c7139c87df965f0f4c24747f326d1864c5af","0xdde8df5a46714d1ee4f9e6ac17baf4e39df4a910","","0","30","5.98700906975559","0.001848","0.000368799758696944","0.04","","","Transfer"
"0x8d0f97b775fb011aa334709810b110c608af774b4e32d1b9320eaf709a6ec572","10510226","1612604373","2021-02-06 09:39:33","0xbc79c7139c87df965f0f4c24747f326d1864c5af","0xced608aa29bb92185d9b6340adcbfa263dae075b","","0","10","1.99566968991853","0.003066","0.000611872326929021","0.05","","","Transfer"
"0x96cf4e5f4a64e8be453df34889afdb3ed774993a9861026ae17d1d78e7762939","10609756","1612811283","2021-02-08 19:08:03","0xbc79c7139c87df965f0f4c24747f326d1864c5af","0x83ab8e31df35aa3281d630529c6f4bf5ac7f7abf","","0","10","1.99566968991853","0.006909","0.00137880818876471","0.07","","","Transfer"
"0x8fcebb9874ca5817845a152eed28f1b221e502f052611b82e37820e3372373c4","10798273","1613202703","2021-02-13 07:51:43","0xbc79c7139c87df965f0f4c24747f326d1864c5af","0xa5313060f9fa6b607ac8ca8728a851166c9f6127","","0","5","0.997834844959265","0.00357","0.000712454079300915","0.11","","","Transfer"
"0xb05755adf8c3372f82af45bd6fbc62e510bbda6663d472d850552cbd165770a8","10965317","1613548568","2021-02-17 07:56:08","0xbc79c7139c87df965f0f4c24747f326d1864c5af","0x6690c139564144b27ebaba71f9126611a23a31c9","","0","0","0","0.00041413","0.0000826466688685961","0.11","","","Summon Moloch"
"0x5f9688099870b757be9e3260c9e747ceb40c9a89b70490be990492eec330c91f","10965594","1613549140","2021-02-17 08:05:40","0xbc79c7139c87df965f0f4c24747f326d1864c5af","0x0d0b28e17b9333c26afe840b083e1c6dee15df63","","0","0","0","0.000294242","0.0000587209840901008","0.11","","","Submit Whitelist Proposal"
"0x72d227eb73f2ef945b3c07f5fdc9e9845d57f1baeb5e0190fc88eae30bc4e65e","10971432","1613561290","2021-02-17 11:28:10","0xbc79c7139c87df965f0f4c24747f326d1864c5af","0x0d500b1d8e8ef31e21c99d1db9a6444d3adf1270","","0","0","0","0.000044297","0.00000884021802543211","0.11","","","Approve"
"0x9c7eb979f882b1d73503bf0288fdf93f6162792af127982ecb4ad0dd27f0bec1","10971746","1613561938","2021-02-17 11:38:58","0xbc79c7139c87df965f0f4c24747f326d1864c5af","","0x9df8837bac586d2e9bafbd89d9338d6095e17479","0","0","0","0.000795641","0.000158783662775647","0.11","","","0x60606040"
"0x43c07e79e713c7d07c52883bde5535c9f0b94bfc5929b2be4d92ced2c9b32276","10971767","1613561980","2021-02-17 11:39:40","0xbc79c7139c87df965f0f4c24747f326d1864c5af","0x9df8837bac586d2e9bafbd89d9338d6095e17479","","0","0.00000000000000001","0.0000000000000000019956696899","0.000043738","0.00000872866008976567","0.11","","","Deposit"
"0xf0744951d27f16e32d4284d8a2097bb5c8e6686989439ce68851340ca59f5b1c","10971813","1613562076","2021-02-17 11:41:16","0xbc79c7139c87df965f0f4c24747f326d1864c5af","0x6c20a43c362e5d56c3bdac074a6acdf6e9eddd40","","0","0","0","0.000401372","0.000080100593478198","0.11","","","Submit Proposal"
"0xd03a98f7c9bb08e2ff731fe8674e2a2e84e51bb5e5ac6a3b5fd6b3dc7b67a08b","10971847","1613562148","2021-02-17 11:42:28","0xbc79c7139c87df965f0f4c24747f326d1864c5af","0x0d500b1d8e8ef31e21c99d1db9a6444d3adf1270","","0","0","0","0.000044297","0.00000884021802543211","0.11","","","Approve"
"0x01de76192582d43823945103ed943e24b82abec50035b3b2c2628c6b7207acd5","10972205","1613562884","2021-02-17 11:54:44","0xbc79c7139c87df965f0f4c24747f326d1864c5af","0x0d0b28e17b9333c26afe840b083e1c6dee15df63","","0","0","0","0.000044259","0.00000883263448061042","0.11","","","Cancel Proposal"
"0x5a9c27e2924f234112287ed5c35a7336a7ebc1d825ebffa505909d278a46b017","10972338","1613563158","2021-02-17 11:59:18","0xbc79c7139c87df965f0f4c24747f326d1864c5af","0xdf4165d45c757632f1cd64b574a9191b98b83cd1","","0","10","1.99566968991853","0.002352","0.000469381511068838","0.11","","","Transfer"
"0xdc811068be3f77ee225e17007e1b7d475cf3c473bc43cf9d6e75f49d762a12c0","10973152","1613564838","2021-02-17 12:27:18","0xbc79c7139c87df965f0f4c24747f326d1864c5af","0x9df8837bac586d2e9bafbd89d9338d6095e17479","","0","5","0.997834844959265","0.000028738","0.00000573515555488787","0.11","","","Deposit"
"0x94164ed4c9817a7515124771cdfc1f5c8fcfa77760bc56ac5521be997b1d7145","10973209","1613564956","2021-02-17 12:29:16","0xbc79c7139c87df965f0f4c24747f326d1864c5af","0x0d500b1d8e8ef31e21c99d1db9a6444d3adf1270","","0","2","0.399133937983706","0.000043741","0.00000872925879067264","0.11","","","Deposit"
"0xbf57f1abb0fe0f6395332fc151017fcc4df8042d32440114a6829a204884ea32","10979049","1613577010","2021-02-17 15:50:10","0xbc79c7139c87df965f0f4c24747f326d1864c5af","0x6690c139564144b27ebaba71f9126611a23a31c9","","0","0","0","0.00041413","0.0000826466688685961","0.11","","","Summon Moloch"
"0x8b9d094d56d70803cbbb445e11eaf04d8e923aed1b8b7489efb29ae4b9c18339","10982736","1613584646","2021-02-17 17:57:26","0xbc79c7139c87df965f0f4c24747f326d1864c5af","0x6690c139564144b27ebaba71f9126611a23a31c9","","0","0","0","0.00041413","0.0000826466688685961","0.11","","","Summon Moloch"
"0x57121c6dd85fa1bf190bc2fe30df1403c257ad50a3ba21ff2484f3dd0cf1eec0","10982807","1613584827","2021-02-17 18:00:27","0xbc79c7139c87df965f0f4c24747f326d1864c5af","0x6690c139564144b27ebaba71f9126611a23a31c9","","0","0","0","0.00041413","0.0000826466688685961","0.11","","","Summon Moloch"
"0x7ca5a10232cc2ff97dc7025872547ef24d58464fd008ecbab57b80a04283600d","11023196","1613668435","2021-02-18 17:13:55","0xbc79c7139c87df965f0f4c24747f326d1864c5af","0x6690c139564144b27ebaba71f9126611a23a31c9","","0","0","0","0.000430860852","0.0000859855942908874","0.12","","","Summon Moloch"
"0x844ba305b992f3e04bdbdffed4fdc2abf2fd13b403b2a86cb62ba835d6cc1eb1","11023232","1613668511","2021-02-18 17:15:11","0xbc79c7139c87df965f0f4c24747f326d1864c5af","0x6690c139564144b27ebaba71f9126611a23a31c9","","0","0","0","0.000430860852","0.0000859855942908874","0.12","","","Summon Moloch"
"0xa923bdffafcdb343502391bc9a5500e9886348ac856b51a25c56983135c5f34e","11093651","1613814208","2021-02-20 09:43:28","0xbc79c7139c87df965f0f4c24747f326d1864c5af","0x6690c139564144b27ebaba71f9126611a23a31c9","","0","0","0","0.00041413","0.0000826466688685961","0.14","","","Summon Moloch"
"0x250b1cc349713495964896e67e13256969cdf527da832c2121b5ed20a1ebeebc","11169722","1613972956","2021-02-22 05:49:16","0xbc79c7139c87df965f0f4c24747f326d1864c5af","0x825ae6fb177186e9551ab1cdd6d4ab10b22a0dba","","0","5","0.997834844959265","0.002079","0.000414899728534062","0.15","","","Transfer"
"0x078b8403cbd22f2f202b81f6c211500cc6496ca6b74d0d462b3bd9d27de56592","11274635","1614190090","2021-02-24 18:08:10","0xbc79c7139c87df965f0f4c24747f326d1864c5af","0x66b1de0f14a0ce971f7f248415063d44caf19398","","0","5","0.997834844959265","0.004095","0.000817226738021638","0.16","","","Transfer"
"0x83185f52ff693a554a42f5dfb7f18245b14406177b06889247b5740b1ec0f673","11543370","1614754661","2021-03-03 06:57:41","0xbc79c7139c87df965f0f4c24747f326d1864c5af","0xf7c1f4ca54d64542061e6f53a9d38e2f5a6a4ecc","","0","3","0.598700906975559","0.001575","0.000314317976162168","0.22","","","Transfer"
"0xf6453ab1299055b7e0ce17938904cccd8962fb65e7105871a06dd49821e1c404","12452302","1616686237","2021-03-25 15:30:37","0xbc79c7139c87df965f0f4c24747f326d1864c5af","0x42138576848e839827585a3539305774d36b9602","","0","5","0.997834844959265","0.000021","0.00000419090634882891","0.30","","","Transfer"
"0xe42da59643ceb270296033286df67caa0a78d17bb2aee69a4d3485a97b490ab4","12477554","1616739164","2021-03-26 06:12:44","0xbc79c7139c87df965f0f4c24747f326d1864c5af","0xd52a86110c9a7597a057ae2bb4f577b6cd42a639","","0","0","0","0.000035","0.00000698484391471485","0.34","Error(0)","out of gas","Mint Tocaller"
"0xfab974f3be5d1b774b1f07a241a268c4953dc06e6b13d8ac20247537a44e3ba1","12489626","1616764282","2021-03-26 13:11:22","0xbc79c7139c87df965f0f4c24747f326d1864c5af","0x8e061a9146e8496075436ebeba1f9bbc07f19e87","","0","2","0.399133937983706","0.000021","0.00000419090634882891","0.34","","","Transfer"
"0xd2ae121e15c49bf4a4fdd5c316f15451934fcf05bddbf80c9b0ac9cb6c45f211","12737787","1617288890","2021-04-01 14:54:50","0xbc79c7139c87df965f0f4c24747f326d1864c5af","0x936f242f462afc707ac78ad966155aa96f0376ec","","0","2","0.399133937983706","0.000021","0.00000419090634882891","0.36","","","Transfer"
"0x268369d03421be41f3e878831bfd9c9d27921f7c70e11ad6aa319f06aa2b92fc","14022000","1620011312","2021-05-03 03:08:32","0xbc79c7139c87df965f0f4c24747f326d1864c5af","0xa5e0829caced8ffdd4de3c43696c57f7d7a678ff","","0","51","10.1779154185845","0.000185017","0.0000369232819019657","0.80","","","Swap Exact ETH For Tokens"
"0xcc6fe1ccd897b52b9c9c21f735565953a8864c5cc5bf22a6576df60aa1b65115","14027016","1620021819","2021-05-03 06:03:39","0xbc79c7139c87df965f0f4c24747f326d1864c5af","0x1987013f26d9fa9a61856de905668fcf6cafe0a8","","0","2","0.399133937983706","0.000021","0.00000419090634882891","0.80","","","Transfer"
"0xee9fef33c6efb9c62a922779b0fb0a58ffa754c83982078d600fcc9fc8882d46","14354374","1620713893","2021-05-11 06:18:13","0xbc79c7139c87df965f0f4c24747f326d1864c5af","0xffbce889d62f6c73f005b836255ad69b0a01b222","","0","0","0","0.000084096","0.0000167827838243389","1.07","","","Transfer From"
"0x8de960e301fa8a1ab580c5748415a3d174ec18af83e03144ef0133a7154555c9","14359914","1620725844","2021-05-11 09:37:24","0xbc79c7139c87df965f0f4c24747f326d1864c5af","0x9b65fb1dd183842e7808470e09b3d785926cd29f","","0","2","0.399133937983706","0.000021","0.00000419090634882891","1.07","","","Transfer"
"0xcb86aae93a585ea2090b4a9a9d9bdc69cfa356469a19e75046c73fde590c7aa0","14365680","1620738219","2021-05-11 13:03:39","0xbc79c7139c87df965f0f4c24747f326d1864c5af","0x26f6cb841f9d4d72b68d7dcb6fdb5d6c832dd2a7","","0","0","0","0.000044548","0.00000889030933464907","1.07","","","Approve"
"0x9806d26394aaada83119a4ebaf710cd5f4be8cc5b4bb37628e45d175faae2bbc","14602770","1621251677","2021-05-17 11:41:17","0xbc79c7139c87df965f0f4c24747f326d1864c5af","0x2296224975c4de5e009a05607afa4277422f68cc","","0","1","0.199566968991853","0.000021","0.00000419090634882891","1.72","","","Transfer"
"0x9e5090cb39dad9c30d65a0c131f65b2e5603a1e22bd09c33755918b9c81987a1","14676483","1621415286","2021-05-19 09:08:06","0xbc79c7139c87df965f0f4c24747f326d1864c5af","0xa5e0829caced8ffdd4de3c43696c57f7d7a678ff","","0","0","0","0.000198786","0.0000396711194980145","1.63","","","Swap Exact Tokens For ETH Supporting Fee On Transfer Tokens"
"0xdd7c1e91691a55ba94ed62110d4dd1ee4ecb50af3e4b2dda65a0c18794659a8b","15909899","1624129732","2021-06-19 19:08:52","0xdf4165d45c757632f1cd64b574a9191b98b83cd1","0xbc79c7139c87df965f0f4c24747f326d1864c5af","","4.9","0","0.97787814806008","0.000025641","0.0000051170966519201","1.36","","","Transfer"
"0xdbc7f9cc4d8f1b29f7ddac5527a84ad38aed583b6ddfa08b1061eb403795324d","15909900","1624129734","2021-06-19 19:08:54","0x6de5f4e693dc646294c54e5724b11ea3d6e501b4","0xbc79c7139c87df965f0f4c24747f326d1864c5af","","2.9","0","0.578744210076374","0.000025641","0.0000051170966519201","1.36","","","Transfer"
"0x906ee60d67e10fac126513ab4d3954b4dc7919e29f74cfe0707536cb4860256c","21089368","1636287346","2021-11-07 12:15:46","0xbc79c7139c87df965f0f4c24747f326d1864c5af","0x884d1aa15f9957e1aeaa86a82a72e49bc2bfcbe3","","0","10","1.99566968991853","0.0064182","0.00128086072038351","1.89","","","Swap And Send"
"0x1d84da6c86245e82171697cad0acbec5c2d77207e08a63f543ec324dbb48df14","21902225","1638110324","2021-11-28 14:38:44","0xbc79c7139c87df965f0f4c24747f326d1864c5af","0x1a1ec25dc08e98e5e93f1104b5e5cdd298707d31","","0","1","0.199566968991853","0.086428017","0.0172481773886663","1.65","","","Swap"
"0xde14a9fa5939d4519481ecf2a1bec2002907ed89ebb6cd4269665394f129ea86","21902255","1638110384","2021-11-28 14:39:44","0xbc79c7139c87df965f0f4c24747f326d1864c5af","0x8f3cf7ad23cd3cadbd9735aff958023239c6a063","","0","0","0","0.01249728","0.0024940442902425","1.65","","","Approve"
"0x56e81fd65bb984cfbcee12598b5d9dd2107864734518cc7d062d5fc8e9db382c","21902257","1638110388","2021-11-28 14:39:48","0xbc79c7139c87df965f0f4c24747f326d1864c5af","0x1a1ec25dc08e98e5e93f1104b5e5cdd298707d31","","0","0","0","0.07377","0.014722055302529","1.65","","","Swap"
"0xfed5e78f9659720591a8ab48fae91aa6b8e2b117969967f957599ef78a42a6e7","21902292","1638110462","2021-11-28 14:41:02","0xbc79c7139c87df965f0f4c24747f326d1864c5af","0x1a1ec25dc08e98e5e93f1104b5e5cdd298707d31","","0","1","0.199566968991853","0.04961399","0.0099013136038921","1.65","","","Swap"
"0x8578a4879444cbaee0350fa52606ddbf7f81c128f405b3d25d7a4b3740309907","21902333","1638110544","2021-11-28 14:42:24","0xbc79c7139c87df965f0f4c24747f326d1864c5af","0x1a1ec25dc08e98e5e93f1104b5e5cdd298707d31","","0","0","0","0.06450106","0.0128722810409617","1.65","","","Swap"
"0x2721efcf2a3cfb1d0fb715250d8df15c13b5070fe7054111cfbc7cc93724dca8","21902614","1638111126","2021-11-28 14:52:06","0xbc79c7139c87df965f0f4c24747f326d1864c5af","0x1a1ec25dc08e98e5e93f1104b5e5cdd298707d31","","0","1","0.199566968991853","0.078363516","0.0156387693676646","1.65","","","Swap"
"0xfc556713aaebad30531f3d0d95744e9de97329cf62659527da142dabb49aa029","21902641","1638111180","2021-11-28 14:53:00","0xbc79c7139c87df965f0f4c24747f326d1864c5af","0x1a1ec25dc08e98e5e93f1104b5e5cdd298707d31","","0","0","0","0.090050327","0.0179710708161152","1.65","","","Swap"
"0x2f9a67848ac4a8a8c60e35902f494f099dd31228862f1b93df10a4bb911eb4ec","21902677","1638111270","2021-11-28 14:54:30","0xbc79c7139c87df965f0f4c24747f326d1864c5af","0x1a1ec25dc08e98e5e93f1104b5e5cdd298707d31","","0","1","0.199566968991853","0.124244663","0.0247951308083242","1.65","","","Swap"
"0xed4c2d9267a0cdb80b39157df518812c12fb55836459a2b83888cf2473e6094c","22303682","1639023101","2021-12-09 04:11:41","0xbc79c7139c87df965f0f4c24747f326d1864c5af","0xf2e4209afa4c3c9eaa3fb8e12eed25d8f328171c","","0","10","1.99566968991853","0.00625887","0.00124906371521404","2.09","","","Execute Trades"
"0x70da8215b3030dcd0b8edeb3c45c258a99fa59a919876ef904ace51742525e98","22303705","1639023147","2021-12-09 04:12:27","0xbc79c7139c87df965f0f4c24747f326d1864c5af","0x2791bca1f2de4661ed88a30c99a7a9449aa84174","","0","0","0","0.00175338","0.000349916732090935","2.09","","","Approve"
"0x1b03286a059dc0a40f5fe63d51792e624bc6bee26282252bbcefbe9789af5dc9","22303719","1639023175","2021-12-09 04:12:55","0xbc79c7139c87df965f0f4c24747f326d1864c5af","0xf2e4209afa4c3c9eaa3fb8e12eed25d8f328171c","","0","0","0","0.0090225","0.00180059297772899","2.09","","","Execute Trades"
"0xfc165f3c8a55cb7e58024e11fef443b88b5dccbd550227907f93ebc13846e6ac","22303758","1639023257","2021-12-09 04:14:17","0xbc79c7139c87df965f0f4c24747f326d1864c5af","0x2791bca1f2de4661ed88a30c99a7a9449aa84174","","0","0","0","0.00174294","0.00034783325293466","2.09","","","Approve"
"0x020c0410d9e1ff14c22261ba9a1b4d1496aba1787ccca66ce5281eafe102c62f","22303767","1639023275","2021-12-09 04:14:35","0xbc79c7139c87df965f0f4c24747f326d1864c5af","0xdef1c0ded9bec7f1a1670819833240f027b25eff","","0","0","0","0.000604015786","0.000120541599635252","2.09","","","0x415565b0"
"0x521bbb3b794358e776d3abcec0dfc70d63d449be3cdd3d7f259e418862e5f905","22304017","1639023919","2021-12-09 04:25:19","0xbc79c7139c87df965f0f4c24747f326d1864c5af","0x1111111254fb6c44bac0bed2854e76f90643097d","","0","5","0.997834844959265","0.181930566","0.0363073316235923","2.09","","","Swap"
"0x2506729e78046abcf7b7d83e1806f201bfc7cba84cc1fd36c426e242675b09e1","22304052","1639023989","2021-12-09 04:26:29","0xbc79c7139c87df965f0f4c24747f326d1864c5af","0x2791bca1f2de4661ed88a30c99a7a9449aa84174","","0","0","0","0.058387554","0.0116522271786281","2.09","","","Approve"
"0x0071b8bcd66811b17cd32ed41e8ac98981bb861c06399a105e3440d29154fdf7","22304060","1639024005","2021-12-09 04:26:45","0xbc79c7139c87df965f0f4c24747f326d1864c5af","0x2791bca1f2de4661ed88a30c99a7a9449aa84174","","0","0","0","0.034575762","0.00690018002292369","2.09","","","Approve"
"0xa5380bcba6d8150a489a01a61e9a66ede575fc965dfbef0c4138b68954fb1583","22304064","1639024017","2021-12-09 04:26:57","0xbc79c7139c87df965f0f4c24747f326d1864c5af","0xdef171fe48cf0115b1d80b88dc8eab59176fee57","","0","0","0","0.173173032","0.0345596171073692","2.09","","","Simple Swap"
"0x5b043a324867c8684f557d43c117562b23bf777d5d9796d2956dbfb7e5103cfd","23062498","1640693506","2021-12-28 12:11:46","0xbc79c7139c87df965f0f4c24747f326d1864c5af","0xf2e4209afa4c3c9eaa3fb8e12eed25d8f328171c","","0","1","0.199566968991853","0.00819051","0.00163455525519746","2.49","","","Execute Trades"
"0xa9d7842ab55ba951e0e8ae8787a79107b3e8189eef4af2e170bf4c854f8c1dac","23062593","1640693704","2021-12-28 12:15:04","0xbc79c7139c87df965f0f4c24747f326d1864c5af","0xf2e4209afa4c3c9eaa3fb8e12eed25d8f328171c","","0","0","0","0.00864543","0.00172534226073124","2.49","","","Execute Trades"
"0xbc0d68701b573a12f154ae746f50dc665435dce3b4b4e1e72030c5c923fb9e53","23062629","1640693776","2021-12-28 12:16:16","0xbc79c7139c87df965f0f4c24747f326d1864c5af","0xf2e4209afa4c3c9eaa3fb8e12eed25d8f328171c","","0","1","0.199566968991853","0.00761919","0.00152053865447304","2.49","","","Execute Trades"
"0xc079b24bf841e92b461803e563af0f6033436bd3939b419aa9c821174ee00087","23439147","1641555094","2022-01-07 11:31:34","0xbc79c7139c87df965f0f4c24747f326d1864c5af","0xc2132d05d31c914a87c6611c10748aeb04b58e8f","","0","0","0","0.0208288","0.00415674048373751","2.05","","","Approve"
"0xfeebdc2138076ea828c84737f3c3e8e7c48a632447a094c896429926f79ff629","23440183","1641557384","2022-01-07 12:09:44","0xbc79c7139c87df965f0f4c24747f326d1864c5af","0xa5e0829caced8ffdd4de3c43696c57f7d7a678ff","","0","0","0","0.083618139","0.0166874185529695","2.05","","","Swap Exact Tokens For Tokens"
"0x06aefcb710f4970484a43eeef12b8b411f0bc43e95e228cf04c514dd64d547bd","23440230","1641557560","2022-01-07 12:12:40","0xbc79c7139c87df965f0f4c24747f326d1864c5af","0x385eeac5cb85a38a9a07a70c73e0a3271cfb54a7","","0","0","0","0.0284878","0.00568522389924611","2.05","","","Approve"
"0x213fe8eeec639739497c9fbd1b50022df6f35a0ec36c77eaefd98a86f094876c","23440277","1641557709","2022-01-07 12:15:09","0xbc79c7139c87df965f0f4c24747f326d1864c5af","0x86935f11c86623dec8a25696e1c19a8659cbf95d","","0","0","0","0.152768","0.0304874467189474","2.05","","","Execute ERC721Listing"
"0xe91143d147f1979f6192da19557dbfd0ce9316dbccb9e39d52355188632ad935","23440351","1641557861","2022-01-07 12:17:41","0xbc79c7139c87df965f0f4c24747f326d1864c5af","0x86935f11c86623dec8a25696e1c19a8659cbf95d","","0","0","0","0.01660285","0.00331338045112639","2.05","","","Interact"
"0x7f8b9ac35820f72b8644712899272a0263851a42ef1f5b1f3cf32665c4ede958","23440360","1641557879","2022-01-07 12:17:59","0xbc79c7139c87df965f0f4c24747f326d1864c5af","0x86935f11c86623dec8a25696e1c19a8659cbf95d","","0","0","0","0.01660285","0.00331338045112639","2.05","","","Interact"
"0xdf0c30fb3b7bc274b27dd2631851452354529a2bdef4330dd44e34c952f83de6","23440584","1641558343","2022-01-07 12:25:43","0xbc79c7139c87df965f0f4c24747f326d1864c5af","0x86935f11c86623dec8a25696e1c19a8659cbf95d","","0","0","0","0.01660285","0.00331338045112639","2.05","","","Interact"
"0x5143796d621c34cdd922e103a58dfb9153f72694c6a4d3ad0e98ece56974bace","23441615","1641560730","2022-01-07 13:05:30","0xbc79c7139c87df965f0f4c24747f326d1864c5af","0x385eeac5cb85a38a9a07a70c73e0a3271cfb54a7","","0","0","0","0.0286396","0.00571551816513907","2.05","","","Approve"
"0x8b759c106ba702632e343da8df9531dc3d9912633325d6451bd150deae1c6c40","23441626","1641560752","2022-01-07 13:05:52","0xbc79c7139c87df965f0f4c24747f326d1864c5af","0x11111112542d85b3ef69ae05771c2dccff4faa26","","0","0","0","0.2801227","0.0559032381848141","2.05","","","Swap"
"0xb5989d5cd941e0a62cd2193fb9af27860f1278732923266f79e4c34c2522819f","23441697","1641560898","2022-01-07 13:08:18","0xbc79c7139c87df965f0f4c24747f326d1864c5af","0x8df3aad3a84da6b69a4da8aec3ea40d9091b2ac4","","0","0","0","0.028259","0.00563956297674077","2.05","","","Approve"
"0xe3ce4d27b1b1afa3de4cdb911621b858e285018c85d1c642ae2f48454fe39806","23441716","1641560936","2022-01-07 13:08:56","0xbc79c7139c87df965f0f4c24747f326d1864c5af","0x86935f11c86623dec8a25696e1c19a8659cbf95d","","0","0","0","0.12441495","0.0248291144687729","2.05","Error(0)","execution reverted","Increase Stake"
"0x7f3573978ebbbaf178d239db725b588c11d461baef0d40bce7c1d92f0c4b7b75","23441747","1641561002","2022-01-07 13:10:02","0xbc79c7139c87df965f0f4c24747f326d1864c5af","0x86935f11c86623dec8a25696e1c19a8659cbf95d","","0","0","0","0.13333595","0.0266094513991493","2.05","","","Increase Stake"
"0x72898e03867cb85fcde25986e38b76f7dc5136481e48b5c5712d39f72a9c0dce","23479021","1641644019","2022-01-08 12:13:39","0xbc79c7139c87df965f0f4c24747f326d1864c5af","0x86935f11c86623dec8a25696e1c19a8659cbf95d","","0","0","0","0.001200096","0.000239499521219247","1.99","","","Interact"
"0x70c4783254fed50a376cc0e7ecdfbd7be02782d81275fe348f4c7d26f3781d15","23479025","1641644027","2022-01-08 12:13:47","0xbc79c7139c87df965f0f4c24747f326d1864c5af","0x86935f11c86623dec8a25696e1c19a8659cbf95d","","0","0","0","0.000965984","0.000192778498974626","1.99","","","Interact"
"0x4c04b14f90c4463d1c49aaa90c4a9e35f0026efe14823c627c6a39917a6e4a5a","23479089","1641644167","2022-01-08 12:16:07","0xbc79c7139c87df965f0f4c24747f326d1864c5af","0x096c5ccb33cfc5732bcd1f3195c13dbefc4c82f4","","0","0","0","0.001483968","0.000296150995840902","1.99","","","Approve"
"0x7ac95f844c454b3cdb7b6d64f14e986d4cd57edcf76a429778d8484b286e01a5","23479096","1641644181","2022-01-08 12:16:21","0xbc79c7139c87df965f0f4c24747f326d1864c5af","0xa02d547512bb90002807499f05495fe9c4c3943f","","0","0","0","0.005786272","0.00115474876480243","1.99","","","Stake Into Pool"
"0x7da981b04e44834bf38e063d665b5919d3098fd992b90d486ec4090b834aaa86","23480266","1641646725","2022-01-08 12:58:45","0xbc79c7139c87df965f0f4c24747f326d1864c5af","0xa6b71e26c5e0845f74c812102ca7114b6a896ab2","","0","0","0","0.129303","0.0258046077915536","1.99","","","Create Proxy With Nonce"
"0x239d495402ad52487e459fe36b4d586a545d7761ed4e69710393902aaee57576","23480314","1641646821","2022-01-08 13:00:21","0xbc79c7139c87df965f0f4c24747f326d1864c5af","0xc35e22309008631677d79ab56f761f12ddbaf056","","0","2","0.399133937983706","0.00081987","0.000163618970867351","1.99","","","Transfer"
"0xf0236e0ba1c5ab3ec912f44ee21ee986961da86f01abf9fe4bfab543f73bfd39","23480398","1641646997","2022-01-08 13:03:17","0xbc79c7139c87df965f0f4c24747f326d1864c5af","0xc35e22309008631677d79ab56f761f12ddbaf056","","0","0","0","0.0397625","0.00793528160453856","1.99","","","Exec Transaction"
"0x5428bfb4734ac5686530f776e8a4da4eccf37396636dead9ee7d606500bb1e32","23788901","1642340621","2022-01-16 13:43:41","0xbc79c7139c87df965f0f4c24747f326d1864c5af","0x86935f11c86623dec8a25696e1c19a8659cbf95d","","0","0","0","0.001289696","0.000257380721640917","2.33","","","Interact"
"0x6440c3734db08f0010b4a7574cf3bf4c4b01f6e38759b62fe3a2e5c248486b98","24025456","1642854534","2022-01-22 12:28:54","0xbc79c7139c87df965f0f4c24747f326d1864c5af","0x86935f11c86623dec8a25696e1c19a8659cbf95d","","0","0","0","0.022767492840376005","0.00454363953769755","1.54","","","Interact"
"0x0ef4e91b7620f9db6e83e3f689bddb49c04b2cd4a2fd77b4fda4c0629cf00666","24378345","1643624834","2022-01-31 10:27:14","0xbc79c7139c87df965f0f4c24747f326d1864c5af","0x385eeac5cb85a38a9a07a70c73e0a3271cfb54a7","","0","0","0","0.001734173759776524","0.000346083800943807","1.64","Error(0)","execution reverted","Transfer"
"0xad580768214d3ee1d1160a1f818bdf5213c5611df96f794e29f92f90cc9018c2","24536629","1643969835","2022-02-04 10:17:15","0xbc79c7139c87df965f0f4c24747f326d1864c5af","0xc1f8713a20734059246b00d0e524f24fe9ac7a8b","","0","4","0.798267875967412","0.00066471154134","0.000132654467559127","1.70","","","Transfer"
"0x6ab9811b8ded4c1131fcab9169a0cb2fbe5059d09fdd9a3cd0fb706ca8d9fe29","24536652","1643969885","2022-02-04 10:18:05","0xbc79c7139c87df965f0f4c24747f326d1864c5af","0x385eeac5cb85a38a9a07a70c73e0a3271cfb54a7","","0","0","0","0.001655816526208904","0.00033044628534213","1.70","","","Transfer"
"0x854465f8ee32dc214bc995811b1b958bf845ea8803eb1cfc2764d579e7565b04","24537952","1643972821","2022-02-04 11:07:01","0xbc79c7139c87df965f0f4c24747f326d1864c5af","0xacf6418cefd7254f5e34b2b2e9a8f081e0e150d1","","0","1","0.199566968991853","0.000638803193994","0.000127484017207697","1.70","","","Transfer"
"0x4365ad97dd1fa8b4b7341e815654f48bda5519a72bf850474ef491cc809d5853","24730399","1644399924","2022-02-09 09:45:24","0x7c1e59b2bf73e7bddafe940a06d521adea0627c9","0xbc79c7139c87df965f0f4c24747f326d1864c5af","","0.1","0","0.0199566968991853","0.00084","0.000167636253953157","2.04","","","Transfer"
"0x313074ed293dc5c6d0010c5bf1b0b86fda2a372de2751cbebe8fa0f1eb7f2cd5","24750392","1644442337","2022-02-09 21:32:17","0xbc79c7139c87df965f0f4c24747f326d1864c5af","0x64dd9638593bb7e1d7f95cf8cb6a56458daaad06","","0","65.008006074842692372","12.9734507325603","0.000031500001848","0.00000628635989204313","2.04","","","Transfer"
"0xa22408ca53c3044e4f6248328e848a99069e69303ef93d073fc469bc8734c9b8","25957338","1647319581","2022-03-15 04:46:21","0xbc79c7139c87df965f0f4c24747f326d1864c5af","0x0d500b1d8e8ef31e21c99d1db9a6444d3adf1270","","0","0","0","0.001409904778864329","0.000281370423285083","1.38","","","Transfer"
"0x90b717c73c3efbc2b40859e8934ed682ec006d8e1e9b4549de75ad50a16340e5","25957338","1647319581","2022-03-15 04:46:21","0xbc79c7139c87df965f0f4c24747f326d1864c5af","0x2791bca1f2de4661ed88a30c99a7a9449aa84174","","0","0","0","0.001254091738724604","0.000250275287134992","1.38","","","Transfer"
"0xb20e47ce4d0e69fa91fa970f6568568583314f691f67137c14c5c0b418cd1293","25957338","1647319581","2022-03-15 04:46:21","0xbc79c7139c87df965f0f4c24747f326d1864c5af","0x7ceb23fd6bc0add59e62ac25578270cff1b9f619","","0","0","0","0.000905732922412214","0.000180754374041939","1.38","","","Transfer"
"0x7e98d6201eed918c864ea12cff0fd54186890ab6788dfd69c626e38ad0510828","25957340","1647319585","2022-03-15 04:46:25","0xbc79c7139c87df965f0f4c24747f326d1864c5af","0x8f3cf7ad23cd3cadbd9735aff958023239c6a063","","0","0","0","0.00158101308941777","0.00031551799019155","1.38","","","Transfer"
"0x4a5db806cfda6b7a9a6a0084de3e6ebca66797deeb33af8da5146c1caa73f687","25958913","1647323471","2022-03-15 05:51:11","0xbc79c7139c87df965f0f4c24747f326d1864c5af","0x24fe40d37fdbe0e9939f4cd903925acab9b95965","","0","1.447841939507326083","0.288941427446763","0.000634173963822","0.000126560175773506","1.38","","","Transfer"
"0x59cb456f21d95802de7d9bc01b1145d63bfb507786091ad5eae9b758167f9337","26013539","1647457374","2022-03-16 19:02:54","0xc1f8713a20734059246b00d0e524f24fe9ac7a8b","0xbc79c7139c87df965f0f4c24747f326d1864c5af","","0.08","0","0.0159653575193482","0.001120422619029","0.000223599346069531","1.47","","","Transfer"
"0x5b4af13323edc57005f0d7b1c3cba2ee9065da99fc53449a816d0ab47c86eab1","26013548","1647457410","2022-03-16 19:03:30","0xbc79c7139c87df965f0f4c24747f326d1864c5af","0x86935f11c86623dec8a25696e1c19a8659cbf95d","","0","0","0","0.0074882839331246","0.00149441412748407","1.47","","","Safe Batch Transfer From"
"0xc56e081adc8b731914f7a0d62addc43ebbdcef5a9845831f186093da2e3411ef","26018439","1647469586","2022-03-16 22:26:26","0xbc79c7139c87df965f0f4c24747f326d1864c5af","0x53f527b3e46af89a6da8fdeea90fce0b18219c36","","0","0.069923867461313675","0.0139544942894424","0.000650999900775","0.000129918077011664","1.47","","","Transfer"
"0xef5330753c7ac726ef7afaa855014b57a48dc33694d41489d14c7fdfdee4d896","26397353","1648329591","2022-03-26 21:19:51","0xbc79c7139c87df965f0f4c24747f326d1864c5af","0x086373fad3447f7f86252fb59d56107e9e0faafa","","0","0","0","0.001726082442941756","0.000344469041367939","1.61","","","Transfer"
"0x9032181b4bd3c83c65ccfdeeec35b376324f9d08794373fd03d6ba7b8f3a661e","31942534","1660620472","2022-08-16 03:27:52","0xbc79c7139c87df965f0f4c24747f326d1864c5af","0x599265854e305d66967796b2c85b892c0cddccf9","","0","0.000024659350189668","0.00000492119177466072","0.000186106911648","0.0000371407922660259","0.93","","","Transfer"
"0xa49565e0936c68c39b395df77acf35c7c57c00c0260de3c85c70a051a7b4ebcf","34944612","1667045045","2022-10-29 12:04:05","0xbc79c7139c87df965f0f4c24747f326d1864c5af","0x8df3aad3a84da6b69a4da8aec3ea40d9091b2ac4","","0","0","0","0.022925691345446665","0.00457521073385355","0.93","Error(0)","execution reverted","Transfer"
"0x337584b8a84e4bfb7cd0415a3d73ad0e5bec15c09b992c2c4e49c3816ff524f2","34944612","1667045045","2022-10-29 12:04:05","0xbc79c7139c87df965f0f4c24747f326d1864c5af","0x418e0c2b9980c8acc3e57d1179f76b588e5f9402","","0","0.000000000000000666","0.0000000000000001329116013486","0.023474648720733","0.00468476449334516","0.93","","","Transfer"
"0x05cd05da2471c65cbb1234bde84e29025d8f58a2ab4b8ae33e332058223a19dc","35135011","1667448848","2022-11-03 04:14:08","0xbc79c7139c87df965f0f4c24747f326d1864c5af","0x8df3aad3a84da6b69a4da8aec3ea40d9091b2ac4","","0","0","0","0.23544019951056674","0.046986086995161","0.95","Error(0)","execution reverted","Transfer"
"0xe50670665dcedbaf2c2c12971318a6fe67e422adf5daae2ff84887aa76e7fe9c","35135011","1667448848","2022-11-03 04:14:08","0xbc79c7139c87df965f0f4c24747f326d1864c5af","0x89e33936185f1a374aef25f9d1903b68a19ea668","","0","0.000000000000000666","0.0000000000000001329116013486","0.241077832504404","0.0481111723240295","0.95","","","Transfer"
"0xac319844620fd8adcb62cb2d92da16b27ef0964a0dc1b23777dc6022cc868929","35135144","1667449122","2022-11-03 04:18:42","0xbc79c7139c87df965f0f4c24747f326d1864c5af","0x89e33936185f1a374aef25f9d1903b68a19ea668","","0","0.000606079566344178","0.000120953462023204","0.004482596052249","0.000894578107362179","0.95","","","Transfer"
"0xbc2bfcb00843b4bd8388c86151babbd57c8e803ee68976b05dce5f285dc10435","35214695","1667616712","2022-11-05 02:51:52","0xbc79c7139c87df965f0f4c24747f326d1864c5af","0x8df3aad3a84da6b69a4da8aec3ea40d9091b2ac4","","0","0","0","0.060487485741804645","0.0120713041914299","1.19","Error(0)","execution reverted","Transfer"
"0x61b43a3c74e3bace858b600588b350e306a191f8516e520099ca94219f8edf6a","35214698","1667616718","2022-11-05 02:51:58","0xbc79c7139c87df965f0f4c24747f326d1864c5af","0xb7e17a670ad6553432d6d079164abb593f399114","","0","0.04119975624913583","0.00822211047784319","0.022184484134127","0.00442729025729558","1.19","","","Transfer"
"0x734431f40a4242fd3fdf20ae52e1954e331f42738f58ec9143197bb35634925c","35256620","1667704696","2022-11-06 03:18:16","0xbc79c7139c87df965f0f4c24747f326d1864c5af","0x8df3aad3a84da6b69a4da8aec3ea40d9091b2ac4","","0","0","0","0.03671540061030583","0.00732718121512036","1.14","","","Transfer"
"0xe6f4a3d2a31731949ee7cae9a109d3f5d3eae27771aba5c073799c47303df5e8","35256621","1667704698","2022-11-06 03:18:18","0xbc79c7139c87df965f0f4c24747f326d1864c5af","0x8df3aad3a84da6b69a4da8aec3ea40d9091b2ac4","","0","0","0","0.01167483503552806","0.00232991144152023","1.14","Error(0)","execution reverted","Transfer"
"0x7fd6c6b313f45d76330e98d6f1d6e2ca29a70634c4f4328a178adff9fabb4c60","35256624","1667704704","2022-11-06 03:18:24","0xbc79c7139c87df965f0f4c24747f326d1864c5af","0xb7e17a670ad6553432d6d079164abb593f399114","","0","0.018201516684471304","0.00363242151577458","0.007800650007612","0.0015567520781854","1.14","","","Transfer"
"0x429e9c576580e50d9944db31ef4e37a57d3d0401c7db7b70d1ddd2c4233f8364","36305904","1669923548","2022-12-01 19:39:08","0xf1e2488ad8c0626c94f887d3ab5e68559df4b8bf","0xbc79c7139c87df965f0f4c24747f326d1864c5af","","0.015999920024599877","0","0.00319305554342145","0.001680000028077","0.000335272513509555","0.91","","","Transfer"
"0x3df20b58b4efb50e0f15e1db8a60de77318ebfab94d794eb2944b319d0c2cc2c","36305906","1669923552","2022-12-01 19:39:12","0xbc79c7139c87df965f0f4c24747f326d1864c5af","0x166b3c329e66653964cefdc592543bee6485e8a5","","0","0.001439992802214059","0.000287374998907945","0.014559927222372","0.00290568054451075","0.91","","","Transfer"
"0xcf6e9f3f228b40d212b8d2b6d3677ae660d8e6458364b5d66b0a67318fd971bf","36305906","1669923552","2022-12-01 19:39:12","0xf1e2488ad8c0626c94f887d3ab5e68559df4b8bf","0xbc79c7139c87df965f0f4c24747f326d1864c5af","","0.015999920024599877","0","0.00319305554342145","0.001680000028077","0.000335272513509555","0.91","","","Transfer"
"0x6e0d4edc846453bdcc593dce29067a18779c380268f72c95ee9813288e594a13","36305907","1669923554","2022-12-01 19:39:14","0xbc79c7139c87df965f0f4c24747f326d1864c5af","0xb12145bd2aa5a88cc1de7d800a001a4af1090141","","0","0.011199944017234877","0.002235138880398","0.004799976007365","0.000957916663023449","0.91","","","Transfer"
"0x972e8d204d7f550998f0cb7c69d995159ad4fae0f544a4bbc951d7500ff35a39","36305907","1669923554","2022-12-01 19:39:14","0xf1e2488ad8c0626c94f887d3ab5e68559df4b8bf","0xbc79c7139c87df965f0f4c24747f326d1864c5af","","0.015999920024599877","0","0.00319305554342145","0.001680000028077","0.000335272513509555","0.91","","","Transfer"
"0xb53f721d1838240f555e92db4c2ad046f9658deaee22995d23e16128fb41c782","36305908","1669923556","2022-12-01 19:39:16","0xbc79c7139c87df965f0f4c24747f326d1864c5af","0xfded73aaa200a636d77771c512f9000ee7a4c772","","0","0.000000000000000666","0.0000000000000001329116013486","0.015999920024613","0.00319305554342407","0.91","","","Transfer"
"0xe1358cd784ec0f595606f6d36b0b683e78cb88472c603451c07658896f732d4b","36305908","1669923556","2022-12-01 19:39:16","0xf1e2488ad8c0626c94f887d3ab5e68559df4b8bf","0xbc79c7139c87df965f0f4c24747f326d1864c5af","","0.015999920024599877","0","0.00319305554342145","0.001680000028077","0.000335272513509555","0.91","","","Transfer"
"0xa5d8e71631693db84ef77f052b4e5506f9b0b1605f88fce168d434ac91c9508c","36305909","1669923558","2022-12-01 19:39:18","0xbc79c7139c87df965f0f4c24747f326d1864c5af","0xfded73aaa200a636d77771c512f9000ee7a4c772","","0","0.000000000000000666","0.0000000000000001329116013486","0.015999920024613","0.00319305554342407","0.91","","","Transfer"
"0x2012db55beabd1ae7574f502659005fdbdb52fed5d40dfa26fde21e35704460f","36305909","1669923558","2022-12-01 19:39:18","0xf1e2488ad8c0626c94f887d3ab5e68559df4b8bf","0xbc79c7139c87df965f0f4c24747f326d1864c5af","","0.015999920024599877","0","0.00319305554342145","0.001680000028077","0.000335272513509555","0.91","","","Transfer"
"0x55aef06fd0813e21f6318bc1f1d777d3b0d2f603c4fd3f44e48ea6841ac71db5","36305910","1669923560","2022-12-01 19:39:20","0xf1e2488ad8c0626c94f887d3ab5e68559df4b8bf","0xbc79c7139c87df965f0f4c24747f326d1864c5af","","0.015999920024599877","0","0.00319305554342145","0.001680000028077","0.000335272513509555","0.91","","","Transfer"
"0x1408f3d4ac8166000596f87ec7a131714450f643ffe46a955e44a80d36bcbaef","36305911","1669923562","2022-12-01 19:39:22","0xbc79c7139c87df965f0f4c24747f326d1864c5af","0x166b3c329e66653964cefdc592543bee6485e8a5","","0","0.001439992802214059","0.000287374998907945","0.014559927222372","0.00290568054451075","0.91","","","Transfer"
"0x8b295ceef85bbc7b8ce2ed0571c39b38d9523c187cb67d6206ab69cdee672cf5","36305911","1669923562","2022-12-01 19:39:22","0xbc79c7139c87df965f0f4c24747f326d1864c5af","0xcd39154064607af50ae46f15974ca6e2dc926fc2","","0","0.010719946416487877","0.00213934721409356","0.005279973608112","0.00105370832932789","0.91","","","Transfer"
"0x13e8808b4d94af3405df7116a04b490c4ceb9db29f69867f7774c843f2060611","36305911","1669923562","2022-12-01 19:39:22","0xf1e2488ad8c0626c94f887d3ab5e68559df4b8bf","0xbc79c7139c87df965f0f4c24747f326d1864c5af","","0.015999920024599877","0","0.00319305554342145","0.001680000028077","0.000335272513509555","0.91","","","Transfer"
"0x188585c073164eb6f37c22e352a24dfc566d4dcb02e96f42e8c4fb010d74f376","36305912","1669923564","2022-12-01 19:39:24","0xbc79c7139c87df965f0f4c24747f326d1864c5af","0xb12145bd2aa5a88cc1de7d800a001a4af1090141","","0","0.011199944017234877","0.002235138880398","0.004799976007365","0.000957916663023449","0.91","","","Transfer"
"0xdb6b656b98a445b68ebac1edaac64c8fdd4406898f3714f1cb57ad00470f7530","36305912","1669923564","2022-12-01 19:39:24","0xf1e2488ad8c0626c94f887d3ab5e68559df4b8bf","0xbc79c7139c87df965f0f4c24747f326d1864c5af","","0.015999920024599877","0","0.00319305554342145","0.001680000028077","0.000335272513509555","0.91","","","Transfer"
"0x68cc2bb2039e218e4c817d95c6fd4b85887b01a66405936c6dab8dd6c7a1375c","36305913","1669923566","2022-12-01 19:39:26","0xf1e2488ad8c0626c94f887d3ab5e68559df4b8bf","0xbc79c7139c87df965f0f4c24747f326d1864c5af","","0.015999920024599877","0","0.00319305554342145","0.001680000028077","0.000335272513509555","0.91","","","Transfer"
"0x43e2061f9fbb1192e35940eacdfe69ae63309c4de31953147d04fd2750e0276e","36305914","1669923568","2022-12-01 19:39:28","0xf1e2488ad8c0626c94f887d3ab5e68559df4b8bf","0xbc79c7139c87df965f0f4c24747f326d1864c5af","","0.015999920024599877","0","0.00319305554342145","0.001680000028077","0.000335272513509555","0.91","","","Transfer"
"0xa1374ef722d436ab8a03dd031dadb363fd16ab8b9e5c255f932a76a4c68cdc58","36305915","1669923570","2022-12-01 19:39:30","0xbc79c7139c87df965f0f4c24747f326d1864c5af","0xad77701be0bdab4c6112f761a0ad7dc5de9e9514","","0","0.002559987203937468","0.000510888886947729","0.029439852845277","0.00587522219989811","0.91","","","Transfer"
"0x1e8ec37a7e0984d555b96b3bb0c37e530c8b89e908d9ffb4385ec747639e8cda","36305915","1669923570","2022-12-01 19:39:30","0xf1e2488ad8c0626c94f887d3ab5e68559df4b8bf","0xbc79c7139c87df965f0f4c24747f326d1864c5af","","0.015999920024599877","0","0.00319305554342145","0.001680000028077","0.000335272513509555","0.91","","","Transfer"
"0xaa826df9efe27c100d9120ec6880d36c5a21c6e6d4f0335485c4c52319c877b8","36305916","1669923572","2022-12-01 19:39:32","0xf1e2488ad8c0626c94f887d3ab5e68559df4b8bf","0xbc79c7139c87df965f0f4c24747f326d1864c5af","","0.015999920024599877","0","0.00319305554342145","0.001680000028077","0.000335272513509555","0.91","","","Transfer"
"0x39551a34bdc253c9b77ab43f6595a156dbbfb998cc7c5e7e12d7028546fa4bfd","36305917","1669923574","2022-12-01 19:39:34","0xbc79c7139c87df965f0f4c24747f326d1864c5af","0xad77701be0bdab4c6112f761a0ad7dc5de9e9514","","0","0.002559987203936292","0.000510888886947494","0.029439852845256","0.00587522219989392","0.91","","","Transfer"
"0x45a6839c2c31fb2bd189c5af81b0dc4e983983be3e8fa580269b746737585d2f","36305917","1669923574","2022-12-01 19:39:34","0xf1e2488ad8c0626c94f887d3ab5e68559df4b8bf","0xbc79c7139c87df965f0f4c24747f326d1864c5af","","0.015999920024599877","0","0.00319305554342145","0.001680000028077","0.000335272513509555","0.91","","","Transfer"
"0x704bf22b73ff00b5e9a31f74eedebd4adc45f0e64664006e6ba519f452e735cf","36305918","1669923576","2022-12-01 19:39:36","0xbc79c7139c87df965f0f4c24747f326d1864c5af","0xfded73aaa200a636d77771c512f9000ee7a4c772","","0","0.000000000000000666","0.0000000000000001329116013486","0.015999920024613","0.00319305554342407","0.91","","","Transfer"
"0x6cfd0446a3e093a3487846a0a268279ca7b4305e8a725221fef118da9e83143e","36305918","1669923576","2022-12-01 19:39:36","0xf1e2488ad8c0626c94f887d3ab5e68559df4b8bf","0xbc79c7139c87df965f0f4c24747f326d1864c5af","","0.015999920024599877","0","0.00319305554342145","0.001680000028077","0.000335272513509555","0.91","","","Transfer"
"0x45e0f1721958d4471f83abd20518bd59a039c24e9153221e0fc670e4c0942388","36305918","1669923576","2022-12-01 19:39:36","0xf1e2488ad8c0626c94f887d3ab5e68559df4b8bf","0xbc79c7139c87df965f0f4c24747f326d1864c5af","","0.015999920024599877","0","0.00319305554342145","0.001680000028077","0.000335272513509555","0.91","","","Transfer"
"0x5b4cacccae56fb7fb3534d659221f21524839b7927d1e308a4ff25d0cb705dae","36305919","1669923578","2022-12-01 19:39:38","0xbc79c7139c87df965f0f4c24747f326d1864c5af","0xcd39154064607af50ae46f15974ca6e2dc926fc2","","0","0.010719946416487877","0.00213934721409356","0.005279973608112","0.00105370832932789","0.91","","","Transfer"
"0x35c2a4a3dc4c2def45456a4b4f5ddc27f685016c613ca30c9fe949dd61535be2","36305919","1669923578","2022-12-01 19:39:38","0xbc79c7139c87df965f0f4c24747f326d1864c5af","0xcd39154064607af50ae46f15974ca6e2dc926fc2","","0","0.010719946416487877","0.00213934721409356","0.005279973608112","0.00105370832932789","0.91","","","Transfer"
"0x2fd6ce5ef65f1cab5eb648812aa384f6b9a698ce0ca625c4a938259433a981da","36305919","1669923578","2022-12-01 19:39:38","0xf1e2488ad8c0626c94f887d3ab5e68559df4b8bf","0xbc79c7139c87df965f0f4c24747f326d1864c5af","","0.015999920024599877","0","0.00319305554342145","0.001680000028077","0.000335272513509555","0.91","","","Transfer"
"0x3ad930146ae0e0b80e63a01b1a65fbd5de0c3fb1476e63cd217fd588514968c1","36305920","1669923584","2022-12-01 19:39:44","0xbc79c7139c87df965f0f4c24747f326d1864c5af","0xad77701be0bdab4c6112f761a0ad7dc5de9e9514","","0","0.002559987203935788","0.000510888886947394","0.029439852845256","0.00587522219989392","0.91","","","Transfer"
"0xc199692b5ee9e2fb5522bb00513876fd0633f0442f3c794cd074dd9c8633fb2e","36305920","1669923584","2022-12-01 19:39:44","0xf1e2488ad8c0626c94f887d3ab5e68559df4b8bf","0xbc79c7139c87df965f0f4c24747f326d1864c5af","","0.015999920024599877","0","0.00319305554342145","0.001680000028077","0.000335272513509555","0.91","","","Transfer"
"0xe80a6dcc318405906f4fc4426b21da89a9cb2d058650c4425ad50f68b3dea0cc","36305921","1669923586","2022-12-01 19:39:46","0xbc79c7139c87df965f0f4c24747f326d1864c5af","0xcd39154064607af50ae46f15974ca6e2dc926fc2","","0","0.012639936819454877","0.00252251387930713","0.003359983205145","0.000670541664114319","0.91","","","Transfer"
"0xd9d69c2839634428e7f47989462425bba7bb5875a94015f093d922257ef4113b","36305921","1669923586","2022-12-01 19:39:46","0xf1e2488ad8c0626c94f887d3ab5e68559df4b8bf","0xbc79c7139c87df965f0f4c24747f326d1864c5af","","0.015999920024599877","0","0.00319305554342145","0.001680000028077","0.000335272513509555","0.91","","","Transfer"
"0xafb3be01ffc3bfb656de0af94f1de37f2bb09c12cd1bb57b4dd627a90263629c","36305922","1669923588","2022-12-01 19:39:48","0xbc79c7139c87df965f0f4c24747f326d1864c5af","0xcd39154064607af50ae46f15974ca6e2dc926fc2","","0","0.010719946416487877","0.00213934721409356","0.005279973608112","0.00105370832932789","0.91","","","Transfer"
"0x614d5b7e47932e980d4e92aa14ce19a037f1ac027eb98f226925a9aeb5a96897","36305922","1669923588","2022-12-01 19:39:48","0xf1e2488ad8c0626c94f887d3ab5e68559df4b8bf","0xbc79c7139c87df965f0f4c24747f326d1864c5af","","0.015999920024599877","0","0.00319305554342145","0.001680000028077","0.000335272513509555","0.91","","","Transfer"
"0xa7e9152d838f4c997059facd5456963ad82717e67519a16f917a3600c236b523","36305922","1669923588","2022-12-01 19:39:48","0xf1e2488ad8c0626c94f887d3ab5e68559df4b8bf","0xbc79c7139c87df965f0f4c24747f326d1864c5af","","0.015999920024599877","0","0.00319305554342145","0.001680000028077","0.000335272513509555","0.91","","","Transfer"
"0x4454559f26b2e60e8f6a34a3e23c5a5848fd41d65c94d76fc6b244e901131c36","36305923","1669923590","2022-12-01 19:39:50","0xbc79c7139c87df965f0f4c24747f326d1864c5af","0xb12145bd2aa5a88cc1de7d800a001a4af1090141","","0","0.011199944017234877","0.002235138880398","0.004799976007365","0.000957916663023449","0.91","","","Transfer"
"0x419bb81ec6f93d0ac529d1929a4be4c2a71936d61f6b7d6f56ac9ed2d2e5bf1d","36305923","1669923590","2022-12-01 19:39:50","0xbc79c7139c87df965f0f4c24747f326d1864c5af","0xcd39154064607af50ae46f15974ca6e2dc926fc2","","0","0.012639936819454877","0.00252251387930713","0.003359983205145","0.000670541664114319","0.91","","","Transfer"
"0xe2974768fc40e2ad3251a87ec6a40913b9dc773d31fc83360e9f90404c8661bd","36305924","1669923592","2022-12-01 19:39:52","0xf1e2488ad8c0626c94f887d3ab5e68559df4b8bf","0xbc79c7139c87df965f0f4c24747f326d1864c5af","","0.015999920024599877","0","0.00319305554342145","0.001680000028077","0.000335272513509555","0.91","","","Transfer"
"0x0bf0fb59bfea27e43e8de0f553048889652e9d8ce954ee8a42b3e323f6f0efb6","36305925","1669923594","2022-12-01 19:39:54","0xf1e2488ad8c0626c94f887d3ab5e68559df4b8bf","0xbc79c7139c87df965f0f4c24747f326d1864c5af","","0.015999920024599877","0","0.00319305554342145","0.001680000028077","0.000335272513509555","0.91","","","Transfer"
"0x25689ffcf9fe8e097c701d6b6869b64b188adb5af9a36745527862d27f99151a","36305925","1669923594","2022-12-01 19:39:54","0xf1e2488ad8c0626c94f887d3ab5e68559df4b8bf","0xbc79c7139c87df965f0f4c24747f326d1864c5af","","0.015999920024599877","0","0.00319305554342145","0.001680000028077","0.000335272513509555","0.91","","","Transfer"
"0x386e0bfd801e4736a0ff79456086a80402f495098c859c6d81c387bcd2b1c5ff","36305926","1669923596","2022-12-01 19:39:56","0xbc79c7139c87df965f0f4c24747f326d1864c5af","0x166b3c329e66653964cefdc592543bee6485e8a5","","0","0.001439992802214059","0.000287374998907945","0.014559927222372","0.00290568054451075","0.91","","","Transfer"
"0x050588460e91c414c515540c88200fb69e602665175efe177850ba1a002a7187","36305926","1669923596","2022-12-01 19:39:56","0xbc79c7139c87df965f0f4c24747f326d1864c5af","0xcd39154064607af50ae46f15974ca6e2dc926fc2","","0","0.012639936819454877","0.00252251387930713","0.003359983205145","0.000670541664114319","0.91","","","Transfer"
"0x72b6bc79a4f8ae51ec0472870df404a457cec5bffe8895269a0d659f19027a2c","36305926","1669923596","2022-12-01 19:39:56","0xf1e2488ad8c0626c94f887d3ab5e68559df4b8bf","0xbc79c7139c87df965f0f4c24747f326d1864c5af","","0.015999920024599877","0","0.00319305554342145","0.001680000028077","0.000335272513509555","0.91","","","Transfer"
"0x356723ac143d962b64eb69f50a4128b13f3fe1d349421afdb9ea1ceacd929c2c","36305927","1669923598","2022-12-01 19:39:58","0xbc79c7139c87df965f0f4c24747f326d1864c5af","0xcd39154064607af50ae46f15974ca6e2dc926fc2","","0","0.010719946416487877","0.00213934721409356","0.005279973608112","0.00105370832932789","0.91","","","Transfer"
"0x8649c84659b9e03ebff7b547c50a02f0a2d8a8e5f2e99180dbc541947546c9ae","36305927","1669923598","2022-12-01 19:39:58","0xbc79c7139c87df965f0f4c24747f326d1864c5af","0xcd39154064607af50ae46f15974ca6e2dc926fc2","","0","0.012639936819454877","0.00252251387930713","0.003359983205145","0.000670541664114319","0.91","","","Transfer"
"0xb2f8c0ebbcc33e884b67565a2569e9ea2864e8d43f9887c924a3c2c82fa3213a","36305927","1669923598","2022-12-01 19:39:58","0xf1e2488ad8c0626c94f887d3ab5e68559df4b8bf","0xbc79c7139c87df965f0f4c24747f326d1864c5af","","0.015999920024599877","0","0.00319305554342145","0.001680000028077","0.000335272513509555","0.91","","","Transfer"
"0x52ff878418e63cd6b1e09328ad487b5745415e0daa880ac2d2dfe5f9fdc7d8b3","36305928","1669923600","2022-12-01 19:40:00","0xbc79c7139c87df965f0f4c24747f326d1864c5af","0xcd39154064607af50ae46f15974ca6e2dc926fc2","","0","0.010719946416487877","0.00213934721409356","0.005279973608112","0.00105370832932789","0.91","","","Transfer"
"0x31c41f80b378a561e3e3ebeb0b021062bea7e1e4d70f8819eaad02817eaebcce","36305928","1669923600","2022-12-01 19:40:00","0xf1e2488ad8c0626c94f887d3ab5e68559df4b8bf","0xbc79c7139c87df965f0f4c24747f326d1864c5af","","0.015999920024599877","0","0.00319305554342145","0.001680000028077","0.000335272513509555","0.91","","","Transfer"
"0x18ce35f99a6f82bdb86831e9b36565bbc17b3576ba6648f250dd2232811d81ad","36305929","1669923602","2022-12-01 19:40:02","0xbc79c7139c87df965f0f4c24747f326d1864c5af","0xb12145bd2aa5a88cc1de7d800a001a4af1090141","","0","0.011199944017234877","0.002235138880398","0.004799976007365","0.000957916663023449","0.91","","","Transfer"
"0xd2d0e6be081a6057ded338795151a945c1bb27485900d6df10f2610744404ab0","36305929","1669923602","2022-12-01 19:40:02","0xf1e2488ad8c0626c94f887d3ab5e68559df4b8bf","0xbc79c7139c87df965f0f4c24747f326d1864c5af","","0.015999920024599877","0","0.00319305554342145","0.001680000028077","0.000335272513509555","0.91","","","Transfer"
"0xaf67bb3426f009e9f5632b80d0ce6bf2f70d8dd773cf09f9c24ac60734080f8e","36305930","1669923604","2022-12-01 19:40:04","0xbc79c7139c87df965f0f4c24747f326d1864c5af","0xcd39154064607af50ae46f15974ca6e2dc926fc2","","0","0.012639936819454877","0.00252251387930713","0.003359983205145","0.000670541664114319","0.91","","","Transfer"
"0xbcca60ac7cd9d816ba5eb4bea6acdf4f6d599d6083ff2330be1349765d2a3df7","36305930","1669923604","2022-12-01 19:40:04","0xf1e2488ad8c0626c94f887d3ab5e68559df4b8bf","0xbc79c7139c87df965f0f4c24747f326d1864c5af","","0.015999920024599877","0","0.00319305554342145","0.001680000028077","0.000335272513509555","0.91","","","Transfer"
"0xdedd3604ee4e9e2e043f181d6409f0ade949b9f8ed33249777f1aee6c9dc31af","36305931","1669923606","2022-12-01 19:40:06","0xbc79c7139c87df965f0f4c24747f326d1864c5af","0xcd39154064607af50ae46f15974ca6e2dc926fc2","","0","0.010719946416487877","0.00213934721409356","0.005279973608112","0.00105370832932789","0.91","","","Transfer"
"0x47f9559070a9239fcd986b272b425cab8c525e25793629dabfda77f06682cb9e","36305931","1669923606","2022-12-01 19:40:06","0xf1e2488ad8c0626c94f887d3ab5e68559df4b8bf","0xbc79c7139c87df965f0f4c24747f326d1864c5af","","0.015999920024599877","0","0.00319305554342145","0.001680000028077","0.000335272513509555","0.91","","","Transfer"
"0x75e3db81847d0c544507f8b68a28b2ff1b5840707acc171658d54fcb518b6fab","36305932","1669923608","2022-12-01 19:40:08","0xbc79c7139c87df965f0f4c24747f326d1864c5af","0xfded73aaa200a636d77771c512f9000ee7a4c772","","0","0.000000000000000666","0.0000000000000001329116013486","0.015999920024592","0.00319305554341988","0.91","","","Transfer"
"0xfb3908007642bf4630a701a65d72bedb88bce270f4c8e0873154779c0096591b","36305932","1669923608","2022-12-01 19:40:08","0xf1e2488ad8c0626c94f887d3ab5e68559df4b8bf","0xbc79c7139c87df965f0f4c24747f326d1864c5af","","0.015999920024599877","0","0.00319305554342145","0.001680000028077","0.000335272513509555","0.91","","","Transfer"
"0x353d8684ff6b5e2b6458a43028e015bbc0172164ee8c3f6160f6616b6bac9f66","36305933","1669923610","2022-12-01 19:40:10","0xbc79c7139c87df965f0f4c24747f326d1864c5af","0xfded73aaa200a636d77771c512f9000ee7a4c772","","0","0.000000000000000666","0.0000000000000001329116013486","0.015999920024592","0.00319305554341988","0.91","","","Transfer"
"0x936814ea067dd71e52379e45ca2a76a2c274a4c13bcddce128dc896d443d3d46","36305933","1669923610","2022-12-01 19:40:10","0xf1e2488ad8c0626c94f887d3ab5e68559df4b8bf","0xbc79c7139c87df965f0f4c24747f326d1864c5af","","0.015999920024599877","0","0.00319305554342145","0.001680000028077","0.000335272513509555","0.91","","","Transfer"
"0x1bfa2cb80bef2bd9b662cd4d55db4a6462d0125bb05d24943be3976aa538c430","36305934","1669923612","2022-12-01 19:40:12","0xbc79c7139c87df965f0f4c24747f326d1864c5af","0xfded73aaa200a636d77771c512f9000ee7a4c772","","0","0.000000000000000666","0.0000000000000001329116013486","0.015999920024592","0.00319305554341988","0.91","","","Transfer"
"0x247dd19e03a80bd8150052ab8ea61aed14b6a92bff266b243850753a51a8f2aa","36305934","1669923612","2022-12-01 19:40:12","0xf1e2488ad8c0626c94f887d3ab5e68559df4b8bf","0xbc79c7139c87df965f0f4c24747f326d1864c5af","","0.015999920024599877","0","0.00319305554342145","0.001680000028077","0.000335272513509555","0.91","","","Transfer"
"0x960d21cb375a98bc31f16b11059e2ae1fd664a8baa994f703c20a1cd9e2add73","36305935","1669923614","2022-12-01 19:40:14","0xbc79c7139c87df965f0f4c24747f326d1864c5af","0xfded73aaa200a636d77771c512f9000ee7a4c772","","0","0.000000000000000666","0.0000000000000001329116013486","0.015999920024592","0.00319305554341988","0.91","","","Transfer"
"0x0d1400c1379253075e4748aefacc2d272f65d26dd7fdabde42c4f9291778db2d","36305936","1669923616","2022-12-01 19:40:16","0xf1e2488ad8c0626c94f887d3ab5e68559df4b8bf","0xbc79c7139c87df965f0f4c24747f326d1864c5af","","0.015999920024599877","0","0.00319305554342145","0.001680000028077","0.000335272513509555","0.91","","","Transfer"
"0xf8a389c4bf53ccfe916334345b76d5d0ef39c865ccbe7e34d68d108e1724765a","36305937","1669923618","2022-12-01 19:40:18","0xf1e2488ad8c0626c94f887d3ab5e68559df4b8bf","0xbc79c7139c87df965f0f4c24747f326d1864c5af","","0.015999920024599877","0","0.00319305554342145","0.001680000028077","0.000335272513509555","0.91","","","Transfer"
"0x3bb9cc8c1733b5eeca26a5a829a48703319e19fd80c37220c5c58dc13b812c59","36305938","1669923620","2022-12-01 19:40:20","0xbc79c7139c87df965f0f4c24747f326d1864c5af","0x166b3c329e66653964cefdc592543bee6485e8a5","","0","0.001439992802214059","0.000287374998907945","0.014559927222372","0.00290568054451075","0.91","","","Transfer"
"0x22da41b82dd061ffd5af270d8a89062992699d3e87b9f0a23efb1062802c2b6c","36305938","1669923620","2022-12-01 19:40:20","0xbc79c7139c87df965f0f4c24747f326d1864c5af","0xcd39154064607af50ae46f15974ca6e2dc926fc2","","0","0.010719946416487877","0.00213934721409356","0.005279973608112","0.00105370832932789","0.91","","","Transfer"
"0x127a15185bacefde087f9539f7322935f5d1550bcc7fdfbdaeef1f4d8a8e044e","36305938","1669923620","2022-12-01 19:40:20","0xf1e2488ad8c0626c94f887d3ab5e68559df4b8bf","0xbc79c7139c87df965f0f4c24747f326d1864c5af","","0.015999920024599877","0","0.00319305554342145","0.001680000028077","0.000335272513509555","0.91","","","Transfer"
"0x18cd8f1b2541d04699b0346eb068b2e4bf961cbc0ef3352f82a7f420581d637c","36305939","1669923622","2022-12-01 19:40:22","0xbc79c7139c87df965f0f4c24747f326d1864c5af","0xfded73aaa200a636d77771c512f9000ee7a4c772","","0","0.000000000000000666","0.0000000000000001329116013486","0.015999920024613","0.00319305554342407","0.91","","","Transfer"
"0x928642a6a3d6932e0599a1c075a029781b6d3a50cc1d46d2f3f9da8c1948c6c8","36305939","1669923622","2022-12-01 19:40:22","0xf1e2488ad8c0626c94f887d3ab5e68559df4b8bf","0xbc79c7139c87df965f0f4c24747f326d1864c5af","","0.015999920024599877","0","0.00319305554342145","0.001680000028077","0.000335272513509555","0.91","","","Transfer"
"0x7ee21587390aa06a6543781229baf56d5071a79b2693c473daf47546f3031515","36305940","1669923624","2022-12-01 19:40:24","0xbc79c7139c87df965f0f4c24747f326d1864c5af","0xfded73aaa200a636d77771c512f9000ee7a4c772","","0","0.000000000000000666","0.0000000000000001329116013486","0.015999920024592","0.00319305554341988","0.91","","","Transfer"
"0x02f0a76a2b2ba48b521c1c26bb37cb4bc12d1b2b932801d5a151882f16bebdd4","36305940","1669923624","2022-12-01 19:40:24","0xf1e2488ad8c0626c94f887d3ab5e68559df4b8bf","0xbc79c7139c87df965f0f4c24747f326d1864c5af","","0.015999920024599877","0","0.00319305554342145","0.001680000028077","0.000335272513509555","0.91","","","Transfer"
"0x71f31d336e1bbcfe1094cb2af2100ba26aa398ad2f83a3802ac3343231c74ff3","36305941","1669923626","2022-12-01 19:40:26","0xbc79c7139c87df965f0f4c24747f326d1864c5af","0xcd39154064607af50ae46f15974ca6e2dc926fc2","","0","0.010719946416487877","0.00213934721409356","0.005279973608112","0.00105370832932789","0.91","","","Transfer"
"0xf9b8298216d68901e65d38ff560920fd9d9e0e882ef76c8a140e483acb34fa13","36305941","1669923626","2022-12-01 19:40:26","0xf1e2488ad8c0626c94f887d3ab5e68559df4b8bf","0xbc79c7139c87df965f0f4c24747f326d1864c5af","","0.015999920024599877","0","0.00319305554342145","0.001680000028077","0.000335272513509555","0.91","","","Transfer"
"0x10c70b94977eeccbd3a838ee0a567d1eda8734a242b1f43241fbf1819124060f","36305942","1669923628","2022-12-01 19:40:28","0xbc79c7139c87df965f0f4c24747f326d1864c5af","0xcd39154064607af50ae46f15974ca6e2dc926fc2","","0","0.010719946416487877","0.00213934721409356","0.005279973608112","0.00105370832932789","0.91","","","Transfer"
"0xbb2ce8cc271cc4a8761a8b0f03638b5721de4ecb2b3e233adb1cdb8a7a7722fc","36305942","1669923628","2022-12-01 19:40:28","0xf1e2488ad8c0626c94f887d3ab5e68559df4b8bf","0xbc79c7139c87df965f0f4c24747f326d1864c5af","","0.015999920024599877","0","0.00319305554342145","0.001680000028077","0.000335272513509555","0.91","","","Transfer"
"0xfd2b6a502ce64489b37b2288814cac55a1f88736e4af6af6776c128553eb3db6","36305942","1669923628","2022-12-01 19:40:28","0xf1e2488ad8c0626c94f887d3ab5e68559df4b8bf","0xbc79c7139c87df965f0f4c24747f326d1864c5af","","0.015999920024599877","0","0.00319305554342145","0.001680000028077","0.000335272513509555","0.91","","","Transfer"
"0x391f247ca7668d2eb724d5fbab2792e97aedb556b7f0a6a72964b3747b62316f","36305943","1669923630","2022-12-01 19:40:30","0xbc79c7139c87df965f0f4c24747f326d1864c5af","0xfded73aaa200a636d77771c512f9000ee7a4c772","","0","0.000000000000000666","0.0000000000000001329116013486","0.015999920024634","0.00319305554342826","0.91","","","Transfer"
"0x48ecea6612565090265f6ef1e27f9f5760ee93ddc1354058d2f0c0315ba944d9","36305943","1669923630","2022-12-01 19:40:30","0xf1e2488ad8c0626c94f887d3ab5e68559df4b8bf","0xbc79c7139c87df965f0f4c24747f326d1864c5af","","0.015999920024599877","0","0.00319305554342145","0.001680000028077","0.000335272513509555","0.91","","","Transfer"
"0x589452b8f65c230fb377fa173a87daa0b70c150787a80b17b8b4452f9e7372e0","36305943","1669923630","2022-12-01 19:40:30","0xbc79c7139c87df965f0f4c24747f326d1864c5af","0xdb46d1dc155634fbc732f92e853b10b288ad5a1d","","0","0","0","0.008040080012361623","0.00160453439851899","0.91","","","Transfer From"
"0xf299d0b5d0447740fbd37f39ea6142834748c17d0bb0da25b33ed310d0851d45","36305944","1669923632","2022-12-01 19:40:32","0xf1e2488ad8c0626c94f887d3ab5e68559df4b8bf","0xbc79c7139c87df965f0f4c24747f326d1864c5af","","0.015999920024599877","0","0.00319305554342145","0.001680000028077","0.000335272513509555","0.91","","","Transfer"
"0xca0c44cce7c08d09ab89587444d583148fc9926720ccc8ca723a27948b96f920","36305945","1669923634","2022-12-01 19:40:34","0xbc79c7139c87df965f0f4c24747f326d1864c5af","0xad77701be0bdab4c6112f761a0ad7dc5de9e9514","","0","0.001916780802948704","0.000382526135066243","0.022042979233905","0.00439905055326078","0.91","","","Transfer"
"0x41d10412e97200422cbec14e50c93f8b1e5f553ac31943f0e68c53e59235010b","36305945","1669923634","2022-12-01 19:40:34","0xbc79c7139c87df965f0f4c24747f326d1864c5af","0xcd39154064607af50ae46f15974ca6e2dc926fc2","","0","0.010719946416487877","0.00213934721409356","0.005279973608112","0.00105370832932789","0.91","","","Transfer"
"0x7903e566714dbfaf4f0cf388093fc9cd75e214b984da75f81db5a30304b9d07d","52864051","1706483962","2024-01-28 23:19:22","0xbc79c7139c87df965f0f4c24747f326d1864c5af","0xbc0bea8e634ec838a2a45f8a43e7e16cd2a8ba99","","0","0","0","0.0106224","0.00211988017141906","0.79","","","Transfer"
"0x478452e832c1381ea718543505f183635a0edcf07bf4654e400bc8a0e18e142c","52864053","1706483966","2024-01-28 23:19:26","0xbc79c7139c87df965f0f4c24747f326d1864c5af","0xb5d8a2d7e4feba8d4fb105f595ea2a4290001488","","0","0.001310227050911082","0.000261478041241459","0.018067372949094","0.00360565085709609","0.79","","","Transfer"
"0x87a29c2d0a16b90fbd5eb3317737831a5a6400ea7e4de13dc3d49c33ad26492a","53650227","1708222517","2024-02-18 02:15:17","0xbc79c7139c87df965f0f4c24747f326d1864c5af","0x4259abc22981480d81075b0e8c4bb0b142be8ef8","","0","0","0","0.00562225323983094","0.00112201603797769","1.00","","","Transfer"
"0x2f8733f24f3b751a978e8898634af543995dd7ed3ed3158429205c6a1c1399d3","54792472","1710740053","2024-03-18 05:34:13","0xbc79c7139c87df965f0f4c24747f326d1864c5af","0x9fde50b9a95130e63ff2048fad5cd236dc999999","","0","0.000000000000000228","0.0000000000000000455012689301","0.000391990403574","0.0000782283367151564","1.03","","","Transfer"
"0x4b97813d54e310e7831cee78a075ad0fa5e18b206143a9d6b8cf8f4ac1cff3de","74918978","1754587649","2025-08-07 17:27:29","0x0020078c74ff68aca708d568a4d752f3c3851a00","0xbc79c7139c87df965f0f4c24747f326d1864c5af","","0","0","0","0.00191633076137265","0.00038243632163299","0.24","","","Execute Batch"
"0x3e0f0090ba4e090bc7519534ce5fb827fd2a83872105dadca781dd4da3cc3e92","74923237","1754596699","2025-08-07 19:58:19","0x00a0bf8db3ddceba3336251a2134706fc76b0900","0xbc79c7139c87df965f0f4c24747f326d1864c5af","","0","0","0","0.0019173447503452","0.000382638680338833","0.24","","","Execute Batch"
"0xd19b6e59f6b3d751e015b74e431a5471240bd6c28ee7b158b06eb97f55d7678c","75686924","1756230465","2025-08-26 17:47:45","0xec10779407fb81cbf900b56398a8f31757b6a7cd","0xbc79c7139c87df965f0f4c24747f326d1864c5af","","0","0","0","0.006711600350166544","0.0013394137389674","0.24","Error(0)","execution reverted","0x5773341e"
"0xad3899349cca1473a5e6f22ac08cd0322d4260c374b275c0d1f936baea2bef55","75686924","1756230465","2025-08-26 17:47:45","0x4cf609fc3fd878b34c7ea3d63f732248fd7a5b4c","0xbc79c7139c87df965f0f4c24747f326d1864c5af","","0","0","0","0.007040250367266375","0.00140500142673913","0.24","Error(0)","execution reverted","Withdraw Token"
"0x5ec14151d690eb56c1426d7f0c230849ebbeea82dc56f995fba297ecefdd43e6","75686924","1756230465","2025-08-26 17:47:45","0x4cf609fc3fd878b34c7ea3d63f732248fd7a5b4c","0xbc79c7139c87df965f0f4c24747f326d1864c5af","","0","0","0","0.013970100723418345","0.00278797065788349","0.24","Error(0)","execution reverted","Withdraw Native"
"0x4cf6149cd34058b178218e96d644c06aec01f44e30033f9ca327a3aa895164fc","75885670","1756654490","2025-08-31 15:34:50","0x4cf609fc3fd878b34c7ea3d63f732248fd7a5b4c","0xbc79c7139c87df965f0f4c24747f326d1864c5af","","0","0","0","0.003242025012276468","0.00064700110509579","0.28","","","Withdraw Native"
"0xe0f6e989b187529df0b96c9dd64842cb9367af52bfecba9627ca029a5edf87cf","75885739","1756654636","2025-08-31 15:37:16","0x4cf609fc3fd878b34c7ea3d63f732248fd7a5b4c","0xbc79c7139c87df965f0f4c24747f326d1864c5af","","0","0","0","0.009726075012708738","0.00194100331047368","0.28","","","Withdraw Native"
"0xed5a10718467d995e6858442aad232d5b66ff40c941e3eeec83f04a61f56f4e2","76041208","1756985488","2025-09-04 11:31:28","0xb53fe15f51e5d26bf0e4c4923a206452e5038bc8","0xbc79c7139c87df965f0f4c24747f326d1864c5af","","0","0","0","0.011589523980159496","0.00231288617277883","0.28","Error(0)","execution reverted","0x5773341e"
"0xbc7409282d62b1f8f093b9e56054988fc02f380b57452798942cde69f8aa1262","76041208","1756985488","2025-09-04 11:31:28","0x4cf609fc3fd878b34c7ea3d63f732248fd7a5b4c","0xbc79c7139c87df965f0f4c24747f326d1864c5af","","0","0","0","0.00840161726191998","0.001676685291591","0.28","Error(0)","execution reverted","Withdraw Token"
"0xace4d185ea768fdffe6cbaa7087bab47df3d0b5727974d174efb549fb26e7235","76041208","1756985488","2025-09-04 11:31:28","0x4cf609fc3fd878b34c7ea3d63f732248fd7a5b4c","0xbc79c7139c87df965f0f4c24747f326d1864c5af","","0","0","0","0.008335743284027436","0.00166353902148755","0.28","Error(0)","execution reverted","Withdraw Native"
"0xf20945f71fee6d806da39c6ce4ebcf86276e0dc3931813f2808e5c033a6a202d","76137834","1757190844","2025-09-06 20:34:04","0xb9d00655cae73b4d0905d199150c82d3b124da7c","0xbc79c7139c87df965f0f4c24747f326d1864c5af","","0","0","0","0.006496512887836212","0.00129648938604198","0.27","Error(0)","execution reverted","0x5773341e"
"0xdcbc9a4da2d240a3473d1172f3a4aec2107430aac299af374fe88087d69d0842","76137834","1757190844","2025-09-06 20:34:04","0x4cf609fc3fd878b34c7ea3d63f732248fd7a5b4c","0xbc79c7139c87df965f0f4c24747f326d1864c5af","","0","0","0","0.006814411280767191","0.0013599314047666","0.27","Error(0)","execution reverted","Withdraw Token"
"0x77545cd933d54d0855f5bd88efe180d14e87037f3a44f6f800105ac9deeb1493","76137834","1757190844","2025-09-06 20:34:04","0x4cf609fc3fd878b34c7ea3d63f732248fd7a5b4c","0xbc79c7139c87df965f0f4c24747f326d1864c5af","","0","0","0","0.006762711039607139","0.00134961374434214","0.27","Error(0)","execution reverted","Withdraw Native"
"0x3a2c7c2912bcaf25ed56b24ac6f28619fafe32ee1dcc7c3b47dc4415d6de5afd","76137834","1757190844","2025-09-06 20:34:04","0xb53fe15f51e5d26bf0e4c4923a206452e5038bc8","0xbc79c7139c87df965f0f4c24747f326d1864c5af","","0","0","0","0.009935885953572006","0.00198287464400309","0.27","Error(0)","execution reverted","0x5773341e"
