"Transaction Hash","Blockno","UnixTimestamp","DateTime (UTC)","From","To","ContractAddress","Value_IN(POL)","Value_OUT(POL)","CurrentValue @ $0.199817846218984/POL","TxnFee(POL)","TxnFee(USD)","Historical $Price/POL","Status","ErrCode","Method"
"0xe38d34056baeadce3c31e679c3e88052654c4e7f1d1f5095ab896bcf4a8e3874","24657721","1644240575","2022-02-07 13:29:35","0x7bf1529a58b44f910b80ba92e54aa38aa4af6c1f","0xfbf09458731c8927766e8d301195d324ba1804b3","","17","0","3.39690338572273","0.000632284799433","0.000126341786819704","2.02","","","Transfer"
"0xb8b81411263d852b6e7067203807df0f932e8d43ef5b130526f03f650256a4ed","25196351","1645454180","2022-02-21 14:36:20","0x46ed49f1020f9ca278567812d9521bf0df0b4ce5","0xfbf09458731c8927766e8d301195d324ba1804b3","","66","0","13.1879778504529","0.000710912997186","0.000142053103946789","1.41","","","Transfer"
"0x14548052ee260ca853e24800b255e875f61adba0c2aa6bf73e11a55ec25a001a","26048857","1647544021","2022-03-17 19:07:01","0xfbf09458731c8927766e8d301195d324ba1804b3","0x4f150401960b8558952aec7945754cdc337a96a6","","0","1.123456123456123456","0.224486582910532","0.00042","0.0000839234954119733","1.45","","","Transfer"
"0xc498a0ffa3ea5fb5baa8651086d27be6361b3d6bd938111d6784d9ffe57900ca","26236774","1647973169","2022-03-22 18:19:29","0xfbf09458731c8927766e8d301195d324ba1804b3","0x0baf02c1ceb148f7ee38ba870aedae2c33d5131f","","0","2.12345","0.424303205553702","0.000063000000441","0.0000125885243999157","1.51","","","Transfer"
"0x3ae54c00d98583dfcb274619c0a8992fe833284ae0c03b87c113628a9c787afc","26236776","1647973173","2022-03-22 18:19:33","0xfbf09458731c8927766e8d301195d324ba1804b3","0x8f006d1e1d9dc6c98996f50a4c810f17a47fbf19","","0","0","0","0.000154827001083789","0.000030937197893107","1.51","","","Transfer"
"0x9f6da6e5ec68f8143a636d30ae257ed78f5a7e57bce8950f94ca2eb3608773ac","26236776","1647973173","2022-03-22 18:19:33","0xfbf09458731c8927766e8d301195d324ba1804b3","0x8f006d1e1d9dc6c98996f50a4c810f17a47fbf19","","0","0","0","0.000103491000724437","0.0000206793488678043","1.51","","","Transfer"
"0x07dc867c1bf83f6aceac485f85d692072af46418d2610e9e6937bbd322856c46","26266117","1648037330","2022-03-23 12:08:50","0xfbf09458731c8927766e8d301195d324ba1804b3","0xfbf09458731c8927766e8d301195d324ba1804b3","","0","0","0","0.0021","0.000419617477059866","1.56","","","Transfer"
"0x450560015a7992c9f539e7454f01013fe2faa345f7be02063abe0ec8b50fae6d","26312931","1648140792","2022-03-24 16:53:12","0xfbf09458731c8927766e8d301195d324ba1804b3","0xfbf09458731c8927766e8d301195d324ba1804b3","","0","0","0","0.0021","0.000419617477059866","1.63","","","Transfer"
"0x2d7c0bbb7f6e8e6df1a5cdb5debfcca4b9236ebf39502c7327215c54a3a7734d","26313735","1648142580","2022-03-24 17:23:00","0xfbf09458731c8927766e8d301195d324ba1804b3","0xfbf09458731c8927766e8d301195d324ba1804b3","","0","0","0","0.0042","0.000839234954119733","1.63","","","Transfer"
"0x16040213534815db8e4e3d1a06b1695098bb8383b841ff87268c0abf201fbc3a","26335919","1648191186","2022-03-25 06:53:06","0xfbf09458731c8927766e8d301195d324ba1804b3","0xfbf09458731c8927766e8d301195d324ba1804b3","","0","0","0","0.0042","0.000839234954119733","1.58","","","Transfer"
"0x32fc34b296893cdc97ee51bfdd67530db027c9a943031a9be02e326e9298ad26","26346520","1648214486","2022-03-25 13:21:26","0xfbf09458731c8927766e8d301195d324ba1804b3","0xfbf09458731c8927766e8d301195d324ba1804b3","","0","0","0","0.0042","0.000839234954119733","1.58","","","Transfer"
"0x8323cbfd5cc56e745fa68a5bd8ab7eb06e3643d41da8072497c79d4197a8afc0","26346590","1648214692","2022-03-25 13:24:52","0xfbf09458731c8927766e8d301195d324ba1804b3","0x8f006d1e1d9dc6c98996f50a4c810f17a47fbf19","","0","0","0","0.0034485","0.000689071842686166","1.58","","","Transfer"
"0xc58ce51b431f876716afa68a82eba183893edb2a58a0c6569408ee0fb91c8c2d","26346668","1648214918","2022-03-25 13:28:38","0xfbf09458731c8927766e8d301195d324ba1804b3","0x558b8ee1387cb1ddbdd84affc30bbb8614a5fde8","","0","1","0.199817846218984","0.0021","0.000419617477059866","1.58","","","Transfer"
"0xec33a6deea49608372bba13603cd23572b31939605591e8ae379ccc0239588b6","26346678","1648214938","2022-03-25 13:28:58","0x558b8ee1387cb1ddbdd84affc30bbb8614a5fde8","0xfbf09458731c8927766e8d301195d324ba1804b3","","0.9979","0","0.199398228741924","0.0021","0.000419617477059866","1.58","","","Transfer"
"0x93029180b321ac7e8da5c395a937eb97ca1d4673184b6337940a924960fce324","26346883","1648215364","2022-03-25 13:36:04","0xfbf09458731c8927766e8d301195d324ba1804b3","0x58dfa11bce87101ec969d2c3ca8a64c74d4e3c9c","","0","1","0.199817846218984","0.0021","0.000419617477059866","1.58","","","Transfer"
"0x0d26db0a5d604ffd185e4006007f1c36c17b5e8d5951242f7b6507717de4ed8d","26347659","1648217169","2022-03-25 14:06:09","0xfbf09458731c8927766e8d301195d324ba1804b3","0x8f006d1e1d9dc6c98996f50a4c810f17a47fbf19","","0","0","0","0.0051597","0.00103100014113609","1.58","","","Transfer"
"0x10b5c770dde3a82228d8ac5f56edbc2946dc94265df5fd264a55ad0a86cc80c5","26462519","1648475340","2022-03-28 13:49:00","0xfbf09458731c8927766e8d301195d324ba1804b3","0x558b8ee1387cb1ddbdd84affc30bbb8614a5fde8","","0","1","0.199817846218984","0.0021","0.000419617477059866","1.66","","","Transfer"
"0xcf734f831de72314d2229101458b7d89769b4b7a8f64164d00b3135238de7f5d","26462677","1648475668","2022-03-28 13:54:28","0xfbf09458731c8927766e8d301195d324ba1804b3","0x558b8ee1387cb1ddbdd84affc30bbb8614a5fde8","","0","1","0.199817846218984","0.0021","0.000419617477059866","1.66","","","Transfer"
"0x07511617722949c1dd0462c3bc41b69e657e02658bdb722379b4698581deca4f","26465696","1648482278","2022-03-28 15:44:38","0x558b8ee1387cb1ddbdd84affc30bbb8614a5fde8","0xfbf09458731c8927766e8d301195d324ba1804b3","","0.99838","0","0.199494141308109","0.0021","0.000419617477059866","1.66","","","Transfer"
"0xaf788f4238c1442b0a0fb972c322c3e5be9dbc576681d183dde46aa3131bacbe","26465716","1648482318","2022-03-28 15:45:18","0x558b8ee1387cb1ddbdd84affc30bbb8614a5fde8","0xfbf09458731c8927766e8d301195d324ba1804b3","","0.9979","0","0.199398228741924","0.0021","0.000419617477059866","1.66","","","Transfer"
"0xf00525a685d10f87afc0dfdfc707f617c120d7b735a179547f1fde876e1228f9","26473435","1648498915","2022-03-28 20:21:55","0xfbf09458731c8927766e8d301195d324ba1804b3","0x558b8ee1387cb1ddbdd84affc30bbb8614a5fde8","","0","1","0.199817846218984","0.0021","0.000419617477059866","1.66","","","Transfer"
"0x0a3b0e5fb30851393384605352a30914c34a3657d70b416284fff07150cc7cc6","26473454","1648498953","2022-03-28 20:22:33","0x558b8ee1387cb1ddbdd84affc30bbb8614a5fde8","0xfbf09458731c8927766e8d301195d324ba1804b3","","0.9979","0","0.199398228741924","0.0021","0.000419617477059866","1.66","","","Transfer"
"0x4e7b031507599d32b3ac401894487118d11f6714ba7b18864b14b243c025fdb5","26473479","1648499007","2022-03-28 20:23:27","0xfbf09458731c8927766e8d301195d324ba1804b3","0x558b8ee1387cb1ddbdd84affc30bbb8614a5fde8","","0","1","0.199817846218984","0.0021","0.000419617477059866","1.66","","","Transfer"
"0x3570a7393b491ca98825cdedf16cd69a9dc66c3104f50c45fadca4ebd29188ef","26473497","1648499043","2022-03-28 20:24:03","0x558b8ee1387cb1ddbdd84affc30bbb8614a5fde8","0xfbf09458731c8927766e8d301195d324ba1804b3","","0.9979","0","0.199398228741924","0.0021","0.000419617477059866","1.66","","","Transfer"
"0x6ada25e7f947afaac56cada864716982744d2c6736f22d4f640a2dd3b05821ce","26493960","1648543989","2022-03-29 08:53:09","0xfbf09458731c8927766e8d301195d324ba1804b3","0x8f006d1e1d9dc6c98996f50a4c810f17a47fbf19","","0","0","0","0.0051585","0.00103076035972063","1.68","","","Transfer"
"0xe43f102ace611c475e49ae9425992d2a13660906df1251f4c3e60b86745ea7bf","26525558","1648613926","2022-03-30 04:18:46","0x4f150401960b8558952aec7945754cdc337a96a6","0xfbf09458731c8927766e8d301195d324ba1804b3","","1.123036123456123456","0","0.22440265941512","0.00042","0.0000839234954119733","1.68","","","Transfer"
"0x161a54dec0b2b38d6a915c10be03703de2263fbc9c0d01069e1579a52f45a207","26563578","1648698678","2022-03-31 03:51:18","0x0baf02c1ceb148f7ee38ba870aedae2c33d5131f","0xfbf09458731c8927766e8d301195d324ba1804b3","","2.12303","0","0.42421928205829","0.00042","0.0000839234954119733","1.62","","","Transfer"
"0xb51bc34593d5dd75cd38e3730cd43ef598848c9af83d52f61e710ed7fa233ba2","27014939","1649694560","2022-04-11 16:29:20","0xfbf09458731c8927766e8d301195d324ba1804b3","0x558b8ee1387cb1ddbdd84affc30bbb8614a5fde8","","0","0.001","0.000199817846218984","0.0021","0.000419617477059866","1.33","","","Transfer"
"0xb9b5478b6bcf907464d9f7307c394ea25d9d8d97fcc343d9871c726d9a52a046","27014939","1649694560","2022-04-11 16:29:20","0xfbf09458731c8927766e8d301195d324ba1804b3","0x558b8ee1387cb1ddbdd84affc30bbb8614a5fde8","","0","0.001","0.000199817846218984","0.0021","0.000419617477059866","1.33","","","Transfer"
"0xa55321177e4c390ddf1b8b00720095fde9cf267f572c5c34d81daaf6bdba079b","27014939","1649694560","2022-04-11 16:29:20","0xfbf09458731c8927766e8d301195d324ba1804b3","0x558b8ee1387cb1ddbdd84affc30bbb8614a5fde8","","0","0.001","0.000199817846218984","0.0021","0.000419617477059866","1.33","","","Transfer"
"0x6ee95ad17ecd07b3f0aaf5d249ded7977a7a63be8bc1a33c23923fc57eb3ba8a","27098248","1649877422","2022-04-13 19:17:02","0xfbf09458731c8927766e8d301195d324ba1804b3","0xa64e048895d1437f48fee2e6361ea58c1731bec8","","0","23.123456789123456789","4.62047933274039","0.0021","0.000419617477059866","1.42","","","Transfer"
"0x706da3aade4ef0b340427f6f40fdb356365eff768888dfcbe7e58e4203f1c890","27098396","1649877726","2022-04-13 19:22:06","0xfbf09458731c8927766e8d301195d324ba1804b3","0x7e02ab6a31580e0320266cd53e9e5c49df0b2fdd","","0","1","0.199817846218984","0.0021","0.000419617477059866","1.42","","","Transfer"
"0x353e0d98c2c3a1fba9066dd7f1dc842b01e5e21694f2ce024aecda4f8ff8d135","27116505","1649917400","2022-04-14 06:23:20","0xfbf09458731c8927766e8d301195d324ba1804b3","0x8f006d1e1d9dc6c98996f50a4c810f17a47fbf19","","0","0","0","0.0051633","0.00103171948538248","1.37","","","Transfer"
"0xa88f80c6c33b350bfccd29515debd51c5e17c150e5db38c94b184d866cfb729a","27125979","1649938217","2022-04-14 12:10:17","0xfbf09458731c8927766e8d301195d324ba1804b3","0x8f006d1e1d9dc6c98996f50a4c810f17a47fbf19","","0","0","0","0.0034509","0.000689551405517092","1.37","","","Transfer"
"0x4c2c93b4963730c17ce18da6144b27eeb5e3a337183cbb0149e5678f19f9362b","27126116","1649938499","2022-04-14 12:14:59","0xfbf09458731c8927766e8d301195d324ba1804b3","0x558b8ee1387cb1ddbdd84affc30bbb8614a5fde8","","0","5","0.99908923109492","0.0021","0.000419617477059866","1.37","","","Transfer"
"0x687ddef15ff1d24335edd46a52a2e7278290767894a8aea0865b01450ba5939f","27126130","1649938527","2022-04-14 12:15:27","0x558b8ee1387cb1ddbdd84affc30bbb8614a5fde8","0xfbf09458731c8927766e8d301195d324ba1804b3","","4.99838","0","0.998765526184045","0.0021","0.000419617477059866","1.37","","","Transfer"
"0xb9583e825a78d3ad18a87aa4e07286fdb31b4fa291b051a341fd64125bf499e8","33346013","1663682838","2022-09-20 14:07:18","0xfbf09458731c8927766e8d301195d324ba1804b3","0x013e2d359829a5a51a6d5598e5a91dbb8f09ae59","","0","0.2","0.0399635692437968","0.001155","0.000230789612382927","0.73","","","Transfer"
"0xb7e2f68fb02347c9ebbc98db976b89af7e973558691ebb4088edd126b8a50226","33346015","1663682846","2022-09-20 14:07:26","0x013e2d359829a5a51a6d5598e5a91dbb8f09ae59","0xfbf09458731c8927766e8d301195d324ba1804b3","","0.1979","0","0.0395439517667369","0.0021","0.000419617477059866","0.73","","","Transfer"
"0x63f1ec381007575f1692842be16c1b829ca7ec56dc13424fe64f8d34d40a8076","33427447","1663855476","2022-09-22 14:04:36","0xfbf09458731c8927766e8d301195d324ba1804b3","0x016f1cd73f3819e398504cc306d42d575ea8c907","","0","0.001","0.000199817846218984","0.001420716781323","0.000283884567331129","0.75","","","Transfer"
"0xe4b6718176c2e0c34fb0d7ab48fa7487a583fa95e90634126c0bc653faf3e56b","33460173","1663923801","2022-09-23 09:03:21","0xfbf09458731c8927766e8d301195d324ba1804b3","0x8f006d1e1d9dc6c98996f50a4c810f17a47fbf19","","0","0","0","0.00257925","0.000515380179860314","0.78","","","Transfer"
"0xb956127f709c8fcebaa0932bfc39ad024831d44027ceea1bcb0532080f783850","33460718","1663924924","2022-09-23 09:22:04","0xfbf09458731c8927766e8d301195d324ba1804b3","0x0236ac391971259221d48d1f59bf3e86299ea941","","0","5","0.99908923109492","0.0021","0.000419617477059866","0.78","","","Transfer"
"0x872a31515d1f8c81f3c34af91afeaec28786d8ae6e5e5bab5c70c2f82ad8545d","33460724","1663924936","2022-09-23 09:22:16","0x0236ac391971259221d48d1f59bf3e86299ea941","0xfbf09458731c8927766e8d301195d324ba1804b3","","4.9979","0","0.99866961361786","0.0021","0.000419617477059866","0.78","","","Transfer"
"0x9359055a5bc057ed71c817ba6b175ccbeefeea62f7770d0e3b2ce79ca4436777","33460749","1663924990","2022-09-23 09:23:10","0xfbf09458731c8927766e8d301195d324ba1804b3","0x8f006d1e1d9dc6c98996f50a4c810f17a47fbf19","","0","0","0","0.0051609","0.00103123992255155","0.78","","","Transfer"
"0x95849d672cf076218d0df4f4f1293205924162f10992ed0e0a7f5ea80c8b6876","35438228","1668085836","2022-11-10 13:10:36","0xfbf09458731c8927766e8d301195d324ba1804b3","0x013e2d359829a5a51a6d5598e5a91dbb8f09ae59","","0","1","0.199817846218984","0.007112721225141","0.00142124863596373","1.12","","","Transfer"
"0x0bba40498724dd780827724dd8eebab57239c8f4a3c626245126f470b03c994d","35438458","1668086308","2022-11-10 13:18:28","0x013e2d359829a5a51a6d5598e5a91dbb8f09ae59","0xfbf09458731c8927766e8d301195d324ba1804b3","","0.9979","0","0.199398228741924","0.0021","0.000419617477059866","1.12","","","Transfer"
"0x0796811716d1e0f383aaa6947e088166030ea4de61d1841218d378ad4a55c6bd","35751168","1668754259","2022-11-18 06:50:59","0xfbf09458731c8927766e8d301195d324ba1804b3","0x025e635621457265d98ae206b1fb8e33c80987f4","","0","0.001","0.000199817846218984","0.001050000000609","0.000209808738651622","0.88","","","Transfer"
"0x0cd21993555f4a36c744c242c73d3c75150ac924c28992ff3bd031b02a6647f4","35752619","1668757271","2022-11-18 07:41:11","0xfbf09458731c8927766e8d301195d324ba1804b3","0x025e635621457265d98ae206b1fb8e33c80987f4","","0","0.001","0.000199817846218984","0.000998782603266","0.000199574588625602","0.88","","","Transfer"
"0xb1b95476623574d448352a2b52d1558bb71742c448ad3d4294bab93b96949a72","35878528","1669021756","2022-11-21 09:09:16","0xfbf09458731c8927766e8d301195d324ba1804b3","0x8f006d1e1d9dc6c98996f50a4c810f17a47fbf19","","0","0","0","0.003429233289194895","0.000685222010029366","0.80","","","Transfer"
"0x0371eccb1b1db6102d7278e3ed590b31942781a933b7b9544d4e51f09f42c4cc","38202766","1673982460","2023-01-17 19:07:40","0xfbf09458731c8927766e8d301195d324ba1804b3","0x013e2d359829a5a51a6d5598e5a91dbb8f09ae59","","0","0.2","0.0399635692437968","0.001239","0.000247574311465321","0.99","","","Transfer"
"0x3ce7c7aba28f78509b87c38ad48e482513662789b7aba959489e2dc821f0c857","38202768","1673982468","2023-01-17 19:07:48","0x013e2d359829a5a51a6d5598e5a91dbb8f09ae59","0xfbf09458731c8927766e8d301195d324ba1804b3","","0.1979","0","0.0395439517667369","0.0021","0.000419617477059866","0.99","","","Transfer"
"0x76b7185252ff9c31bd6e13141a3a0c87c939ac7805409439f22b73288c4a5637","38537416","1674712253","2023-01-26 05:50:53","0xfbf09458731c8927766e8d301195d324ba1804b3","0x025e635621457265d98ae206b1fb8e33c80987f4","","0","0.001","0.000199817846218984","0.00163345223118","0.000326392906735981","1.13","","","Transfer"
"0x35fd84904e8f1328bc634d241906ea7ebfba7f7e35654cbb16b67fdafcc45a3c","38581408","1674809659","2023-01-27 08:54:19","0xfbf09458731c8927766e8d301195d324ba1804b3","0x025e635621457265d98ae206b1fb8e33c80987f4","","0","0.5","0.099908923109492","0.0021","0.000419617477059866","1.16","","","Transfer"
"0x947641d690ced95820d558187fedf30c5bf9fef679182a5bbc8510d34199b09f","38581454","1674809785","2023-01-27 08:56:25","0xfbf09458731c8927766e8d301195d324ba1804b3","0x025e635621457265d98ae206b1fb8e33c80987f4","","0","0.6","0.11989070773139","0.0021","0.000419617477059866","1.16","","","Transfer"
"0xd1963ba91e48e05d62d49747a4b8778bf929d29fef4fe78057a0b82247fc638b","38706435","1675086784","2023-01-30 13:53:04","0xfbf09458731c8927766e8d301195d324ba1804b3","0x013e2d359829a5a51a6d5598e5a91dbb8f09ae59","","0","0.2","0.0399635692437968","0.002163","0.000432206001371662","1.09","","","Transfer"
"0xe29cfac6ce744e88199e86f009932f54517f63920a55cd21e840ceb52a09bce5","38706443","1675086800","2023-01-30 13:53:20","0x013e2d359829a5a51a6d5598e5a91dbb8f09ae59","0xfbf09458731c8927766e8d301195d324ba1804b3","","0.1979","0","0.0395439517667369","0.0021","0.000419617477059866","1.09","","","Transfer"
"0xf5544ce7b13faa0b6aa4f52a5dfe276b0d98b79255673bec567cdee5af44e90d","38706867","1675087745","2023-01-30 14:09:05","0xfbf09458731c8927766e8d301195d324ba1804b3","0x025e635621457265d98ae206b1fb8e33c80987f4","","0","0.001","0.000199817846218984","0.0021","0.000419617477059866","1.09","","","Transfer"
"0x2eeed3ce4b5c4634a4f3d987115f23e17842b6ada265c501fcbd52e75483fdc9","38707923","1675090110","2023-01-30 14:48:30","0xfbf09458731c8927766e8d301195d324ba1804b3","0x025e635621457265d98ae206b1fb8e33c80987f4","","0","0.2","0.0399635692437968","0.0037121905842","0.000741761927289236","1.09","","","Transfer"
"0x2921076945cafc22fa8b14cc76190c67dc2de61a621b917d49ff24d68e62a0b7","38751280","1675184990","2023-01-31 17:09:50","0x025e635621457265d98ae206b1fb8e33c80987f4","0xfbf09458731c8927766e8d301195d324ba1804b3","","1.3019","0","0.260142853992495","0.0021","0.000419617477059866","1.11","","","Transfer"
"0x2778c6434464f52cb7905b1d0f76b1012597511b698659db461b6966e0b1dc91","38777613","1675242293","2023-02-01 09:04:53","0xfbf09458731c8927766e8d301195d324ba1804b3","0x025e635621457265d98ae206b1fb8e33c80987f4","","0","0.001","0.000199817846218984","0.0021","0.000419617477059866","1.19","","","Transfer"
"0x7b5f9e48435bc8831154d2a9e7ca2292484689f33f6abc6d254171f6b1cc105b","38777701","1675242481","2023-02-01 09:08:01","0xfbf09458731c8927766e8d301195d324ba1804b3","0x025e635621457265d98ae206b1fb8e33c80987f4","","0","0.02","0.00399635692437968","0.0021","0.000419617477059866","1.19","","","Transfer"
"0x782aec3ef95bdbe52632671666603028462a8528197a23252cbc7c354b204997","44918879","1689010644","2023-07-10 17:37:24","0xfbf09458731c8927766e8d301195d324ba1804b3","0x033c378b2160f6c9fc502da2eb2692b8b0d0049f","","0","0.2","0.0399635692437968","0.005355","0.00107002456650266","0.74","","","Transfer"
"0x7b8b26590b16ba03d7e1d4ae71d8472d36bf191764de1799d56862e2702c823c","44918905","1689010700","2023-07-10 17:38:20","0x033c378b2160f6c9fc502da2eb2692b8b0d0049f","0xfbf09458731c8927766e8d301195d324ba1804b3","","0.1979","0","0.0395439517667369","0.0021","0.000419617477059866","0.74","","","Transfer"
"0xa2d1ba3f1e885010263ab0938460619bb68444784a0f566c61f47e1a1f1c4c90","45034523","1689263790","2023-07-13 15:56:30","0xfbf09458731c8927766e8d301195d324ba1804b3","0x03674d67a492334bcd0ed2d9e822ba5125469f1d","","0","0.001","0.000199817846218984","0.019318010539296","0.00386008325919776","0.85","","","Transfer"
"0x6be1e9a77f9abd463e0ee70b0587732d19199fdd23ef75c94f92a3fc79ec4a3a","45042079","1689280326","2023-07-13 20:32:06","0xfbf09458731c8927766e8d301195d324ba1804b3","0x03674d67a492334bcd0ed2d9e822ba5125469f1d","","0","1","0.199817846218984","0.0021","0.000419617477059866","0.85","","","Transfer"
"0x6bb7139d9d89ac5889f2a969b1cb93d6e3078e39d14d5dcee84f47f7e2dae20b","45042079","1689280326","2023-07-13 20:32:06","0xfbf09458731c8927766e8d301195d324ba1804b3","0x8f006d1e1d9dc6c98996f50a4c810f17a47fbf19","","0","0","0","0.0406830226076955","0.00812919395514795","0.85","","","Transfer"
"0x1887752771ae7df3ce66f9842da314ea86149630c33f0c437b5ff84a811993db","45042090","1689280350","2023-07-13 20:32:30","0x03674d67a492334bcd0ed2d9e822ba5125469f1d","0xfbf09458731c8927766e8d301195d324ba1804b3","","0.9989","0","0.199598046588143","0.0021","0.000419617477059866","0.85","","","Transfer"
"0xf7e2ed1d25860fe663e56e3ce6797fe98a1f61b6c34c953c974e68b30b83b2ad","45138584","1689491971","2023-07-16 07:19:31","0xfbf09458731c8927766e8d301195d324ba1804b3","0x8f006d1e1d9dc6c98996f50a4c810f17a47fbf19","","0","0","0","0.0034509","0.000689551405517092","0.77","","","Transfer"
"0x75456ccd812cfb9670ca6f06f6c10104f1fe729d10f682659153c1ce76c28db1","46693646","1692874182","2023-08-24 10:49:42","0xfbf09458731c8927766e8d301195d324ba1804b3","0x0398b0aaa93bff066855509e7344f04e2ea1c1ed","","0","0.001","0.000199817846218984","0.00279334147365","0.000558159477018906","0.55","","","Transfer"
"0xb35fbc326602b8b05432954c8540398072e8c2f14ead9f14ae3b80273f2f606e","46694036","1692875012","2023-08-24 11:03:32","0xfbf09458731c8927766e8d301195d324ba1804b3","0x0398b0aaa93bff066855509e7344f04e2ea1c1ed","","0","0.001","0.000199817846218984","0.00305568226908","0.000610579849737104","0.55","","","Transfer"
"0x8fad32c0bbb575d94f7785f6bfaee0a43a2112080dbe14f12852413103f46c0d","46853742","1693220135","2023-08-28 10:55:35","0xfbf09458731c8927766e8d301195d324ba1804b3","0x03674d67a492334bcd0ed2d9e822ba5125469f1d","","0","0.001","0.000199817846218984","0.002861633042163","0.00057180535115409","0.56","","","Transfer"
"0x8c919706618073ef908a1ece9b945219ea541c5a50de023cc75c41e08c353c66","46853908","1693220489","2023-08-28 11:01:29","0xfbf09458731c8927766e8d301195d324ba1804b3","0x03674d67a492334bcd0ed2d9e822ba5125469f1d","","0","0.001","0.000199817846218984","0.002773008180327","0.000554096522140565","0.56","","","Transfer"
"0xd1c36004d7d2b93038990fed0a3a5ab04296cc7b7810cd8ee107b52051c8d805","46853928","1693220531","2023-08-28 11:02:11","0x03674d67a492334bcd0ed2d9e822ba5125469f1d","0xfbf09458731c8927766e8d301195d324ba1804b3","","0.00038","0","0.0000759307815632139","0.0021","0.000419617477059866","0.56","","","Transfer"
"0x31388739a212fe7da900e3182f434137a1fadc3594d3fefdae4a1eeb06d59a7b","46854261","1693221239","2023-08-28 11:13:59","0xfbf09458731c8927766e8d301195d324ba1804b3","0x03674d67a492334bcd0ed2d9e822ba5125469f1d","","0","0.001","0.000199817846218984","0.002708645615256","0.000541235733010949","0.56","","","Transfer"
"0xe3519c624ed48684593e768de44b53ec07bd098fb8ede4303b07238161fbcd2f","46854520","1693221789","2023-08-28 11:23:09","0xfbf09458731c8927766e8d301195d324ba1804b3","0x03674d67a492334bcd0ed2d9e822ba5125469f1d","","0","0.001","0.000199817846218984","0.002705113251414","0.000540529903675978","0.56","","","Transfer"
"0x7ad87ecf80c6e4085a44d78973bbeb43debbe911cb41db64cf9ad7dfed1ec0f7","47305106","1694200392","2023-09-08 19:13:12","0xfbf09458731c8927766e8d301195d324ba1804b3","0x039d925d9bb0aa119106ce56573d44ced4b5e464","","0","0.001","0.000199817846218984","0.004011","0.000801469381184345","0.54","","","Transfer"
"0x399aea9b7ae9323356c246f838969c1d627795f7e3e982c498cd60b04b40f529","48543502","1696924343","2023-10-10 07:52:23","0xfbf09458731c8927766e8d301195d324ba1804b3","0x03b85abcca655c8ca79dbc838906480f779ec49e","","0","0.001","0.000199817846218984","0.001952999999979","0.00039024425366148","0.52","","","Transfer"
"0x409d36220123ab6de69a071488716a7d578976aa409e919c0941f5339e84a4a7","48543569","1696924519","2023-10-10 07:55:19","0xfbf09458731c8927766e8d301195d324ba1804b3","0x03b85abcca655c8ca79dbc838906480f779ec49e","","0","1","0.199817846218984","0.0021","0.000419617477059866","0.52","","","Transfer"
"0xb5f371832b43ab46156f621217839f25cbfaa568fc83a593d938b43d63e098c9","48543574","1696924529","2023-10-10 07:55:29","0x03b85abcca655c8ca79dbc838906480f779ec49e","0xfbf09458731c8927766e8d301195d324ba1804b3","","0.9989","0","0.199598046588143","0.0021","0.000419617477059866","0.52","","","Transfer"
"0xf5cafb6d7bc23f669ca7c091205253e195de7470aacb1adddd41cfde056dd9bc","48543870","1696925158","2023-10-10 08:05:58","0xfbf09458731c8927766e8d301195d324ba1804b3","0x8f006d1e1d9dc6c98996f50a4c810f17a47fbf19","","0","0","0","0.00485817528535128","0.000970750122073191","0.52","","","Transfer"
"0x861cf56586fda54f966e210ca1c1f25123e66d519683000d99de3a3527c195ba","48543910","1696925244","2023-10-10 08:07:24","0xfbf09458731c8927766e8d301195d324ba1804b3","0x8f006d1e1d9dc6c98996f50a4c810f17a47fbf19","","0","0","0","0.0034497","0.000689311624101629","0.52","","","Transfer"
"0xbfdb824acfc48df74f2ab542a72e08054efb0b87866ea2f8506f7848fd98f8a0","48900686","1697712444","2023-10-19 10:47:24","0xfbf09458731c8927766e8d301195d324ba1804b3","0x04861090f2337be984c5db729903e282e4a6e231","","0","0.5","0.099908923109492","0.00177033290343","0.000353744107853983","0.52","","","Transfer"
"0xe565c0ca66f24ac896bce9525173ee627a2dca25f9896d0936ac1a299c28dbb5","48900696","1697712466","2023-10-19 10:47:46","0x04861090f2337be984c5db729903e282e4a6e231","0xfbf09458731c8927766e8d301195d324ba1804b3","","0.4979","0","0.0994893056324321","0.0021","0.000419617477059866","0.52","","","Transfer"
"0x5f7ed2a41b6699c73bdf7bf39ab601cc80b89d9a42509007156e0d58d6916818","48900813","1697712748","2023-10-19 10:52:28","0xfbf09458731c8927766e8d301195d324ba1804b3","0x04861090f2337be984c5db729903e282e4a6e231","","0","0.5","0.099908923109492","0.001902091192029","0.000380071765303335","0.52","","","Transfer"
"0x11fa52b71f978330f788da2e3efdc2fb496283a36e2acb6e746683b623d04718","48900826","1697712776","2023-10-19 10:52:56","0x04861090f2337be984c5db729903e282e4a6e231","0xfbf09458731c8927766e8d301195d324ba1804b3","","0.4979","0","0.0994893056324321","0.0021","0.000419617477059866","0.52","","","Transfer"
"0x1663bc14748d7c048cf6b0a08e02d96bf5626e4a31974b9573dbe5a521f50eef","48901129","1697713420","2023-10-19 11:03:40","0xfbf09458731c8927766e8d301195d324ba1804b3","0x04861090f2337be984c5db729903e282e4a6e231","","0","0.5","0.099908923109492","0.002094283136064","0.000418475145621048","0.52","","","Transfer"
"0xd8224bbb8ea5cafe5968796c278ea37dfa8a4ca50e44e50e66f5d9d0f16fd2f2","48901167","1697713534","2023-10-19 11:05:34","0x04861090f2337be984c5db729903e282e4a6e231","0xfbf09458731c8927766e8d301195d324ba1804b3","","0.4979","0","0.0994893056324321","0.0021","0.000419617477059866","0.52","","","Transfer"
"0x3db9875afbe3653aad28dd3deea06d86cd6aaa86ad3bdd4fae315d1dcb707958","50463136","1701112240","2023-11-27 19:10:40","0xfbf09458731c8927766e8d301195d324ba1804b3","0x048ee8e1f6aa903aef3d2874205e7b1f6913fbd5","","0","0.001","0.000199817846218984","0.00128625","0.000257015704699168","0.74","","","Transfer"
"0xa07f538881059a147f318dff6f94013654ad062140f7780d292886acbc848fba","50463569","1701113160","2023-11-27 19:26:00","0xfbf09458731c8927766e8d301195d324ba1804b3","0x8f006d1e1d9dc6c98996f50a4c810f17a47fbf19","","0","0","0","0.003099772600302585","0.000619389884761082","0.74","","","Transfer"
"0x7d0c107fd2e01eb10494eb6fa739912ea9e6b4ca7d7ff7a8c0a326198c37f224","50463983","1701114045","2023-11-27 19:40:45","0xfbf09458731c8927766e8d301195d324ba1804b3","0x8f006d1e1d9dc6c98996f50a4c810f17a47fbf19","","0","0","0","0.0034509","0.000689551405517092","0.74","","","Transfer"
"0x1dadcd95f636972604fe12a7a5ea3fbd508a8a607494fc7aa43344da31895503","50464064","1701114219","2023-11-27 19:43:39","0xfbf09458731c8927766e8d301195d324ba1804b3","0x048ee8e1f6aa903aef3d2874205e7b1f6913fbd5","","0","1","0.199817846218984","0.0021","0.000419617477059866","0.74","","","Transfer"
"0xc78e47f72e5d97a0a7be8121bfde8730ea5707c348a6db0abb9b129716b32d79","50464073","1701114237","2023-11-27 19:43:57","0x048ee8e1f6aa903aef3d2874205e7b1f6913fbd5","0xfbf09458731c8927766e8d301195d324ba1804b3","","0.99838","0","0.199494141308109","0.0021","0.000419617477059866","0.74","","","Transfer"
"0x92f965ba166d0c906647e9b2b24d873c86049754c9e7d004cd481cd0a8845602","55430896","1712223650","2024-04-04 09:40:50","0xfbf09458731c8927766e8d301195d324ba1804b3","0x04a59cda42bba181eda0425029e6e9e3b8b44d26","","0","0.001","0.000199817846218984","0.002997662467086","0.000598986457864611","0.91","","","Transfer"
"0xd9070e44a3c0c9fbf6f938d343175d9eba6c6a01769e8cdd4f9c02f2ad6510bd","56131619","1713806647","2024-04-22 17:24:07","0xfbf09458731c8927766e8d301195d324ba1804b3","0x05f6e48579d9b9ac8e4664b951edc2d983491bc9","","0","0.001","0.000199817846218984","0.001163875662747","0.000232563128196798","0.74","","","Transfer"
"0x3560cecb71aa1657c452cf6b18bc6e7181cf93f2e1fc892a307e23bcf682d844","56133182","1713810012","2024-04-22 18:20:12","0xfbf09458731c8927766e8d301195d324ba1804b3","0x8f006d1e1d9dc6c98996f50a4c810f17a47fbf19","","0","0","0","0.0026065157634732","0.000520828365993046","0.74","","","Transfer"
"0xa77591a17ff8d5710954beae2bd2c67b7e11787a9e459588a63b79a6e5ae1d5f","56412633","1714460264","2024-04-30 06:57:44","0xfbf09458731c8927766e8d301195d324ba1804b3","0x06217e250460e6c268d9d00a87b3f43196032615","","0","0.001","0.000199817846218984","0.0011025","0.00022029917545643","0.67","","","Transfer"
"0x615efc340628e29dbb8152d99ce927b17fe54543a78b85ee57878662ffefe6bd","56420074","1714477897","2024-04-30 11:51:37","0xfbf09458731c8927766e8d301195d324ba1804b3","0x8f006d1e1d9dc6c98996f50a4c810f17a47fbf19","","0","0","0","0.00823467226074414","0.00164543447546111","0.67","","","Transfer"
"0xf4cd50ae769912b9f55458178391b3e5ddfdfff3be5d5ded912a07ffb0c16ef2","56421020","1714480163","2024-04-30 12:29:23","0xfbf09458731c8927766e8d301195d324ba1804b3","0x8f006d1e1d9dc6c98996f50a4c810f17a47fbf19","","0","0","0","0.00990800134940154","0.0019797954899722","0.67","","","Transfer"
"0x48f703bedf0195191ce156a7061a98160d7167b58c740b8372b38d401e7fbb01","56421104","1714480375","2024-04-30 12:32:55","0xfbf09458731c8927766e8d301195d324ba1804b3","0x8f006d1e1d9dc6c98996f50a4c810f17a47fbf19","","0","0","0","0.00949451872974363","0.00189717428346318","0.67","","","Transfer"
"0xbe9fb09563ef7058b89feadc1cb3de88e949aef5452ff539fe7627fee7c5e5da","56421104","1714480375","2024-04-30 12:32:55","0xfbf09458731c8927766e8d301195d324ba1804b3","0x06217e250460e6c268d9d00a87b3f43196032615","","0","0.001","0.000199817846218984","0.004400077631229","0.000879214035468508","0.67","","","Transfer"
"0x7e4e57d3eb6bfa326e8019bd5485c9b9928ef4a03ea9eb41cd8cce2055079a94","56421145","1714480461","2024-04-30 12:34:21","0xfbf09458731c8927766e8d301195d324ba1804b3","0x8f006d1e1d9dc6c98996f50a4c810f17a47fbf19","","0","0","0","0.00522440078494488","0.00104392851263246","0.67","","","Transfer"
"0xf713e11370cc9428989c6e9b8475618313a2f082388933f18df314f0f25d6ef7","56421145","1714480461","2024-04-30 12:34:21","0xfbf09458731c8927766e8d301195d324ba1804b3","0x8f006d1e1d9dc6c98996f50a4c810f17a47fbf19","","0","0","0","0.00685536799326786","0.00136982486745334","0.67","","","Transfer"
"0x42f571a54bb4d1f39fb7e6eb8b5cb30aaee33acdf9946bcda3eae18fbc9a454a","56421145","1714480461","2024-04-30 12:34:21","0xfbf09458731c8927766e8d301195d324ba1804b3","0x8f006d1e1d9dc6c98996f50a4c810f17a47fbf19","","0","0","0","0.009988966054972245","0.0019959736830591","0.67","","","Transfer"
"0xa9b070c62214f07e60ef7ec872f9fc3ee498d31dccd086973b6f81e122fd44d3","56421207","1714480609","2024-04-30 12:36:49","0xfbf09458731c8927766e8d301195d324ba1804b3","0x8f006d1e1d9dc6c98996f50a4c810f17a47fbf19","","0","0","0","0.006195090661030755","0.00123788967301851","0.67","","","Transfer"
"0xfb1b89bfda49a6ee0253e928534b58dff01cb4276f87cba0570e730c73e42af2","56421207","1714480609","2024-04-30 12:36:49","0xfbf09458731c8927766e8d301195d324ba1804b3","0x8f006d1e1d9dc6c98996f50a4c810f17a47fbf19","","0","0","0","0.00673925898115536","0.00134662421472641","0.67","","","Transfer"
"0x06d79e62bfa2ce015999a3c06b64ac29bc2a9adf23220f18c492d367f59e2d53","56421345","1714480951","2024-04-30 12:42:31","0xfbf09458731c8927766e8d301195d324ba1804b3","0x8f006d1e1d9dc6c98996f50a4c810f17a47fbf19","","0","0","0","0.00571331245268949","0.00114162178907251","0.67","","","Transfer"
"0xd0296b111378812070f3547d6a0f0284d34ae1010e56d003a35299db2d13bb1c","56421648","1714481691","2024-04-30 12:54:51","0xfbf09458731c8927766e8d301195d324ba1804b3","0x8f006d1e1d9dc6c98996f50a4c810f17a47fbf19","","0","0","0","0.004864188192406785","0.000971951608210537","0.67","","","Transfer"
"0x43c3a3e98ecf20a1786445e2fb49520e9f7889c4b0db546b76860994d5d29cb2","56425335","1714490169","2024-04-30 15:16:09","0xfbf09458731c8927766e8d301195d324ba1804b3","0x8f006d1e1d9dc6c98996f50a4c810f17a47fbf19","","0","0","0","0.00473417076220242","0.000945971805336173","0.67","","","Transfer"
"0xdc081776b2dd085cc4cc3910413735768a6890704551540eae42af32607fb1b2","56425581","1714490753","2024-04-30 15:25:53","0xfbf09458731c8927766e8d301195d324ba1804b3","0x8f006d1e1d9dc6c98996f50a4c810f17a47fbf19","","0","0","0","0.005480283174736425","0.00109505838064597","0.67","","","Transfer"
"0xf651531e0cd200b20c3da98a35494a2f14cc26db83dc564f50fd5c1fd0bc88f0","56426053","1714491789","2024-04-30 15:43:09","0xfbf09458731c8927766e8d301195d324ba1804b3","0x8f006d1e1d9dc6c98996f50a4c810f17a47fbf19","","0","0","0","0.00542308755722844","0.00108362967554236","0.67","","","Transfer"
"0x4408e483184992a14fe0521bdfc2058400ecf25e149a75229a84d75b8de1cbb8","56536676","1714755078","2024-05-03 16:51:18","0xfbf09458731c8927766e8d301195d324ba1804b3","0x8f006d1e1d9dc6c98996f50a4c810f17a47fbf19","","0","0","0","0.002098313045092995","0.00041928039336368","0.73","","","Transfer"
"0x214a49fb57f2f0d596d18e7f55dceeee29fe4df47174b96635755ee855885a78","56536901","1714755588","2024-05-03 16:59:48","0xfbf09458731c8927766e8d301195d324ba1804b3","0x8f006d1e1d9dc6c98996f50a4c810f17a47fbf19","","0","0","0","0.0013794","0.000275628737074467","0.73","","","Transfer"
"0x225788e342f484d485adfdf5022c95c5a8af023cf9909e4125bd9a563ea8b0c4","56537033","1714755868","2024-05-03 17:04:28","0xfbf09458731c8927766e8d301195d324ba1804b3","0x8f006d1e1d9dc6c98996f50a4c810f17a47fbf19","","0","0","0","0.0014924372462538","0.000298215596163426","0.73","","","Transfer"
"0x6e10e7f7e6c665fb66290a43b8d29ed59676e011dc6154b799f5f056134620d0","56538001","1714758122","2024-05-03 17:42:02","0xfbf09458731c8927766e8d301195d324ba1804b3","0x8f006d1e1d9dc6c98996f50a4c810f17a47fbf19","","0","0","0","0.00129319222285869","0.000258402884718764","0.73","","","Transfer"
"0x5cf1dc3ded6ceb11d0524921d8c5d905016baef9a73161ed6d318a54c2d2f927","56538097","1714758354","2024-05-03 17:45:54","0xfbf09458731c8927766e8d301195d324ba1804b3","0x8f006d1e1d9dc6c98996f50a4c810f17a47fbf19","","0","0","0","0.0012931875","0.000258401941007312","0.73","","","Transfer"
"0x46a503b4d4b3071a9c52493ec531da3502a6aa2902624bada064ae5532e90f10","56538192","1714758556","2024-05-03 17:49:16","0xfbf09458731c8927766e8d301195d324ba1804b3","0x8f006d1e1d9dc6c98996f50a4c810f17a47fbf19","","0","0","0","0.001298015400103455","0.000259366641607745","0.73","","","Transfer"
"0x217b37b17eb97edcf1440c7b7a761351f10ef8dd0528d2a673a9873c8e3d0f68","56538369","1714758996","2024-05-03 17:56:36","0xfbf09458731c8927766e8d301195d324ba1804b3","0x8f006d1e1d9dc6c98996f50a4c810f17a47fbf19","","0","0","0","0.001475958","0.000294922748669679","0.73","","","Transfer"
"0x24a4147daebce0cd4bee21c54f247b1f30a541ea989d82b538e728e1dd48a1a9","56538447","1714759160","2024-05-03 17:59:20","0xfbf09458731c8927766e8d301195d324ba1804b3","0x8f006d1e1d9dc6c98996f50a4c810f17a47fbf19","","0","0","0","0.001551285","0.000309974427571817","0.73","","","Transfer"
"0xf37652cfc2c5fd993f903f206c1fe01fc77aebc4a06c77913284697ef54fce92","56539933","1714762707","2024-05-03 18:58:27","0xfbf09458731c8927766e8d301195d324ba1804b3","0x8f006d1e1d9dc6c98996f50a4c810f17a47fbf19","","0","0","0","0.00137892","0.000275532824508281","0.73","","","Transfer"
"0x4793749d63b61a9565aec1c64332cc487c423f8d6ead2af32944f265155c868a","56539933","1714762707","2024-05-03 18:58:27","0xfbf09458731c8927766e8d301195d324ba1804b3","0x8f006d1e1d9dc6c98996f50a4c810f17a47fbf19","","0","0","0","0.001447866","0.000289309465733695","0.73","","","Transfer"
"0xec91a443333b1d515bbf6be51229d759cc7a409067058a42f6c32915dd98250f","56539933","1714762707","2024-05-03 18:58:27","0xfbf09458731c8927766e8d301195d324ba1804b3","0x8f006d1e1d9dc6c98996f50a4c810f17a47fbf19","","0","0","0","0.00137892","0.000275532824508281","0.73","","","Transfer"
"0xfd762aa3ea03254259e33c6ee759f83370958ac08d72b54882f6ed07e1d2fb20","56539973","1714762793","2024-05-03 18:59:53","0xfbf09458731c8927766e8d301195d324ba1804b3","0x8f006d1e1d9dc6c98996f50a4c810f17a47fbf19","","0","0","0","0.001447866003033624","0.000289309466339868","0.73","","","Transfer"
"0x75217638109aef97784295da33da8c942a7cef493dde5602903ba5c67f2a0883","56539973","1714762793","2024-05-03 18:59:53","0xfbf09458731c8927766e8d301195d324ba1804b3","0x8f006d1e1d9dc6c98996f50a4c810f17a47fbf19","","0","0","0","0.001447866002585475","0.00028930946625032","0.73","","","Transfer"
"0x94c7d0e3715695a615b8407906a92e65936d7cda3811675228a0a8933117d331","56541051","1714765347","2024-05-03 19:42:27","0xfbf09458731c8927766e8d301195d324ba1804b3","0x8f006d1e1d9dc6c98996f50a4c810f17a47fbf19","","0","0","0","0.001241028001689177","0.000247979542394981","0.73","","","Transfer"
"0xb86952ca6712436543991850b8fd464cde06412ee35ae50d1443e21b55408b47","56541079","1714765407","2024-05-03 19:43:27","0xfbf09458731c8927766e8d301195d324ba1804b3","0x8f006d1e1d9dc6c98996f50a4c810f17a47fbf19","","0","0","0","0.001241028001172082","0.000247979542291656","0.73","","","Transfer"
"0xeb7e307c00f181a796a3fe5a81f0d8ef3a93c40b25e7a30eb58f2c29afbcf370","56542100","1714767841","2024-05-03 20:24:01","0xfbf09458731c8927766e8d301195d324ba1804b3","0x8f006d1e1d9dc6c98996f50a4c810f17a47fbf19","","0","0","0","0.001241028001689177","0.000247979542394981","0.73","","","Transfer"
"0xbec06b550227781d745fc11f7e70be340182d4217316f4e32e7e229710073547","56563992","1714817870","2024-05-04 10:17:50","0xfbf09458731c8927766e8d301195d324ba1804b3","0x8f006d1e1d9dc6c98996f50a4c810f17a47fbf19","","0","0","0","0.001551285006860127","0.000309974428942592","0.73","","","Transfer"
"0xd57ae082c2d9853dbd47e1c7d7ea9e0a49c81883bb55a85bfe365d078531d0da","56564205","1714818386","2024-05-04 10:26:26","0xfbf09458731c8927766e8d301195d324ba1804b3","0x8f006d1e1d9dc6c98996f50a4c810f17a47fbf19","","0","0","0","0.002093137365055077","0.000418246200125785","0.73","","","Transfer"
"0x39fc15dc2e3eccc62d8db329d2ebcb229f231ffb42667300f53477af45a88194","56565167","1714820591","2024-05-04 11:03:11","0xfbf09458731c8927766e8d301195d324ba1804b3","0x8f006d1e1d9dc6c98996f50a4c810f17a47fbf19","","0","0","0","0.001550746641274047","0.000309866853890703","0.73","","","Transfer"
"0xf75ba613be58dbaa04a785647485317771e045663ace8453e9be267a10bc6730","56565297","1714820875","2024-05-04 11:07:55","0xfbf09458731c8927766e8d301195d324ba1804b3","0x8f006d1e1d9dc6c98996f50a4c810f17a47fbf19","","0","0","0","0.001447362595072548","0.000289208876445316","0.73","","","Transfer"
"0x0cd1e24668b6273bc544ab5eacce9e263f01434d33e2406adfcf9178cfcccdf3","56565414","1714821155","2024-05-04 11:12:35","0xfbf09458731c8927766e8d301195d324ba1804b3","0x8f006d1e1d9dc6c98996f50a4c810f17a47fbf19","","0","0","0","0.00172305","0.00034429613992762","0.73","","","Transfer"
"0xcf076136abe7b28ab144833e36dc0a3bd96819e238ca1ae8d85c30c0c09e3da5","56567747","1714826409","2024-05-04 12:40:09","0xfbf09458731c8927766e8d301195d324ba1804b3","0x8f006d1e1d9dc6c98996f50a4c810f17a47fbf19","","0","0","0","0.001466485240616235","0.000293029922291865","0.73","","","Transfer"
"0x13aa952f4eefcf94e8feb72592d3bc2c3f2d2549b2f68dbba5011ad0cb2e5b7c","56805662","1715352940","2024-05-10 14:55:40","0xfbf09458731c8927766e8d301195d324ba1804b3","0x05f6e48579d9b9ac8e4664b951edc2d983491bc9","","0","0.001","0.000199817846218984","0.001575613256721","0.000314835647432069","0.67","","","Transfer"
"0x2995374f9c68acc1aba8df4273fb456da4cb5f8cdc4ae8194ec8b30467156f84","56805777","1715353186","2024-05-10 14:59:46","0xfbf09458731c8927766e8d301195d324ba1804b3","0x8f006d1e1d9dc6c98996f50a4c810f17a47fbf19","","0","0","0","0.002187351133582725","0.000437071792437153","0.67","","","Transfer"
"0x72c5d907049b6d6bd22b801072dee1a1f560f7211d8bb77953fe9355852800af","56806747","1715355278","2024-05-10 15:34:38","0xfbf09458731c8927766e8d301195d324ba1804b3","0x8f006d1e1d9dc6c98996f50a4c810f17a47fbf19","","0","0","0","0.002569427684266968","0.000513417505885657","0.67","","","Transfer"
"0x447d7a74f8eb4008d749c72de4d368006837fbbb057ebddd7e146f534c6d5361","56927782","1715620736","2024-05-13 17:18:56","0xfbf09458731c8927766e8d301195d324ba1804b3","0x8f006d1e1d9dc6c98996f50a4c810f17a47fbf19","","0","0","0","0.0051585","0.00103076035972063","0.66","","","Transfer"
"0x2b65969161f855cd53e1c9db57375cbed670a854516bc99ba25792e8785ab91f","56927782","1715620736","2024-05-13 17:18:56","0xfbf09458731c8927766e8d301195d324ba1804b3","0x8f006d1e1d9dc6c98996f50a4c810f17a47fbf19","","0","0","0","0.00172425","0.000344535921343083","0.66","","","Transfer"
"0x76455e1fa880c885fde727325d3d098b4917615a9b955672308c158999cf7bfe","56927794","1715620762","2024-05-13 17:19:22","0xfbf09458731c8927766e8d301195d324ba1804b3","0x8f006d1e1d9dc6c98996f50a4c810f17a47fbf19","","0","0","0","0.00155182500855228","0.000310082330917673","0.66","","","Transfer"
"0x4713e612ccd94edc631fcb699fb91f90fd569261aceef9bc5f3108f5c9d9cd89","56928014","1715621273","2024-05-13 17:27:53","0xfbf09458731c8927766e8d301195d324ba1804b3","0x8f006d1e1d9dc6c98996f50a4c810f17a47fbf19","","0","0","0","0.0034485","0.000689071842686166","0.66","","","Transfer"
"0xbe36862fb83c8910b52cc287cbc69f97b24c837d22edbe4a321f7f5554adea66","56928785","1715622985","2024-05-13 17:56:25","0xfbf09458731c8927766e8d301195d324ba1804b3","0x8f006d1e1d9dc6c98996f50a4c810f17a47fbf19","","0","0","0","0.0034485","0.000689071842686166","0.66","","","Transfer"
"0xe2624110db269f395ba7fdbda0e5259b5a05016515771c9cb379183b2ac03c66","56929000","1715623450","2024-05-13 18:04:10","0xfbf09458731c8927766e8d301195d324ba1804b3","0x8f006d1e1d9dc6c98996f50a4c810f17a47fbf19","","0","0","0","0.0013656060358644","0.000272872456870069","0.66","","","Transfer"
"0x68debc84f837cd4473c3806e6981603edffdbae2a5ceb920bd2231dfa13cf485","56952202","1715674687","2024-05-14 08:18:07","0x025e635621457265d98ae206b1fb8e33c80987f4","0xfbf09458731c8927766e8d301195d324ba1804b3","","0.0189","0","0.0037765572935388","0.0021","0.000419617477059866","0.65","","","Transfer"
"0xc989676515a6537bd9503ff8e6e2fe451fa39a5b42cf6546f6713641c478c6a9","56954285","1715679608","2024-05-14 09:40:08","0xfbf09458731c8927766e8d301195d324ba1804b3","0x8f006d1e1d9dc6c98996f50a4c810f17a47fbf19","","0","0","0","0.002643123138935643","0.000528143172913681","0.65","","","Transfer"
"0x65f8ab55f4557dfabb582791fb1d7129386624acbdaf72c2030cb18a3e720664","56958349","1715688850","2024-05-14 12:14:10","0xfbf09458731c8927766e8d301195d324ba1804b3","0x441ceadc5cea327d362b2f9faf54ea28674b126a","","0","5","0.99908923109492","0.0021","0.000419617477059866","0.65","","","Transfer"
"0xdc8850f84c6cd950d32b1e5e17bc30965fd7864508be07a71f3a9f80c243547e","56958703","1715689643","2024-05-14 12:27:23","0xfbf09458731c8927766e8d301195d324ba1804b3","0x07cd60120e0cf9853c9685c8bb83e0c00d314c7b","","0","5","0.99908923109492","0.0021","0.000419617477059866","0.65","","","Transfer"
"0x17e86db7678c71d168ef7d6ab930f2d1cd4e05172138ab49198e1b3f8bcd451b","56958715","1715689669","2024-05-14 12:27:49","0x07cd60120e0cf9853c9685c8bb83e0c00d314c7b","0xfbf09458731c8927766e8d301195d324ba1804b3","","4.9979","0","0.99866961361786","0.0021","0.000419617477059866","0.65","","","Transfer"
"0x18d46ae7a0eb9aa87f5b589646ba6872e89edb378806664d44ea566d0b4ad99f","57644349","1717248792","2024-06-01 13:33:12","0x4415509575b1c4f271b5473042afb4a79037126a","0xfbf09458731c8927766e8d301195d324ba1804b3","","0.00000001","0","0.00000000199817846218984","0.00147","0.000293732233941906","0.70","","","Transfer"
"0x01cd04602ea58df6090f444bd21ba5d50099f972ea8f13243e9bbe6b8b7dc5ba","57645047","1717250372","2024-06-01 13:59:32","0x07c24a379697284ca37d2354a0881345fc02ec7b","0xfbf09458731c8927766e8d301195d324ba1804b3","","0.00000001","0","0.00000000199817846218984","0.00147","0.000293732233941906","0.70","","","Transfer"
"0x131f6f600df1a624a0397c6750c7b4862377a116e21bdcd64ca9ba35538852d0","59787736","1721902589","2024-07-25 10:16:29","0xfbf09458731c8927766e8d301195d324ba1804b3","0x039d925d9bb0aa119106ce56573d44ced4b5e464","","0","0.001","0.000199817846218984","0.000896439628266","0.000179124635785459","0.50","","","Transfer"
"0x3a983c9e2dfa102b76b801331468687a862def7ca3e66b6e51bdb9258cc0cca5","59787895","1721902927","2024-07-25 10:22:07","0xfbf09458731c8927766e8d301195d324ba1804b3","0x039d925d9bb0aa119106ce56573d44ced4b5e464","","0","0.001","0.000199817846218984","0.000945000001302","0.000188827864937103","0.50","","","Transfer"
"0x66acab0753c3bcb3dcf5bdc5f4aa51ad49466231204b5f0b59978bbb8c70d32f","59787899","1721902935","2024-07-25 10:22:15","0x039d925d9bb0aa119106ce56573d44ced4b5e464","0xfbf09458731c8927766e8d301195d324ba1804b3","","0.0009","0","0.000179836061597086","0.0021","0.000419617477059866","0.50","","","Transfer"
"0x1049c3ea6dc97c45887e462b8a91e859140ebc6852ac3c195adf280cd1648c1a","60806959","1724128858","2024-08-20 04:40:58","0xfbf09458731c8927766e8d301195d324ba1804b3","0x8f006d1e1d9dc6c98996f50a4c810f17a47fbf19","","0","0","0","0.001470108741295383","0.000293753962393345","0.46","","","Transfer"
"0x1ab49006e4bc38772d6e91897319da1024c12081a560ac6f1a310e1679a055a1","60807158","1724129286","2024-08-20 04:48:06","0xfbf09458731c8927766e8d301195d324ba1804b3","0x8f006d1e1d9dc6c98996f50a4c810f17a47fbf19","","0","0","0","0.001723650001309974","0.000344416030897108","0.46","","","Transfer"
"0x5cb17a3a5c60906c607ba5717b1d2fdf0205edc4add2af86224ea1adc10c9df9","60807265","1724129514","2024-08-20 04:51:54","0xfbf09458731c8927766e8d301195d324ba1804b3","0x8f006d1e1d9dc6c98996f50a4c810f17a47fbf19","","0","0","0","0.00257925","0.000515380179860314","0.46","","","Transfer"
"0x5dd65389005d8e72be73aad9dd17937088d4b2329364f33a8e3b31f3eda26f98","60812097","1724139794","2024-08-20 07:43:14","0xfbf09458731c8927766e8d301195d324ba1804b3","0x08248d2c08287f4e3198d2664edf27d9534f9e87","","0","0.001","0.000199817846218984","0.000928200000609","0.00018547092498215","0.46","","","Transfer"
"0xe1db2250c37429c806c88194b8e6231385574162bca9011606b8e46e99117d5f","60812793","1724141272","2024-08-20 08:07:52","0xfbf09458731c8927766e8d301195d324ba1804b3","0x08248d2c08287f4e3198d2664edf27d9534f9e87","","0","0.005","0.00099908923109492","0.0021","0.000419617477059866","0.46","","","Transfer"
"0xe46378091d344ca1ce43fabd18bb928f8df65b4b288d8c3c2146b63268fca847","60812797","1724141280","2024-08-20 08:08:00","0x08248d2c08287f4e3198d2664edf27d9534f9e87","0xfbf09458731c8927766e8d301195d324ba1804b3","","0.0039","0","0.000779289600254038","0.0021","0.000419617477059866","0.46","","","Transfer"
"0x7b2a66f9aced62c3eb62027352444fac99162df48813811e6f91e50f4e42bb0b","60812864","1724141424","2024-08-20 08:10:24","0xfbf09458731c8927766e8d301195d324ba1804b3","0x8f006d1e1d9dc6c98996f50a4c810f17a47fbf19","","0","0","0","0.002158928975228025","0.000431392537969822","0.46","","","Transfer"
"0xe6e3f7577a3b013cf292127b561cbf03492e039a224d699bed0bb6cbbde6c745","60813400","1724142562","2024-08-20 08:29:22","0xfbf09458731c8927766e8d301195d324ba1804b3","0x8f006d1e1d9dc6c98996f50a4c810f17a47fbf19","","0","0","0","0.0034497","0.000689311624101629","0.46","","","Transfer"
"0x63349cd7b30c1f13012a6e9f493cfe7da8bcd2787d3944af6f2b752f38c2cf95","62261449","1727274728","2024-09-25 14:32:08","0xfbf09458731c8927766e8d301195d324ba1804b3","0x082e83e80d03ef13cbe8e4c00a92cc15f6e75228","","0","0.001","0.000199817846218984","0.000986011084401","0.000197022611233053","0.41","","","Transfer"
"0x922124adc72ed13a632d0744d52c8ff522e28f779a246f6462d468d457971c87","62261974","1727275844","2024-09-25 14:50:44","0xfbf09458731c8927766e8d301195d324ba1804b3","0x082e83e80d03ef13cbe8e4c00a92cc15f6e75228","","0","0.1","0.0199817846218984","0.001025962493535","0.000205005615759622","0.41","","","Transfer"
"0xe77b6fbaa5a5398f62ffe1024506e81f31a0d294ee7b96b65c83a6ad73123a39","62261980","1727275856","2024-09-25 14:50:56","0x082e83e80d03ef13cbe8e4c00a92cc15f6e75228","0xfbf09458731c8927766e8d301195d324ba1804b3","","0.0989","0","0.0197619849910575","0.0021","0.000419617477059866","0.41","","","Transfer"
"0x1c13b3e04e464f54ce72217c5e03693621f920d0bc9da83aebca64ecaa9c9742","62262081","1727276072","2024-09-25 14:54:32","0xfbf09458731c8927766e8d301195d324ba1804b3","0x8f006d1e1d9dc6c98996f50a4c810f17a47fbf19","","0","0","0","0.00257925","0.000515380179860314","0.41","","","Transfer"
"0x1aa9a28bacbb8dc62d0cdf003d9b9bd8c4937a362cb289a13ecffdd55b6a1169","62293120","1727342362","2024-09-26 09:19:22","0xfbf09458731c8927766e8d301195d324ba1804b3","0x08248d2c08287f4e3198d2664edf27d9534f9e87","","0","0.001","0.000199817846218984","0.0009975","0.000199318301603437","0.43","","","Transfer"
"0xd9d4071fcad13b0fafe40a63e8a73e4993e2142eabfb2c44461a8f5a57261104","62293164","1727342454","2024-09-26 09:20:54","0xfbf09458731c8927766e8d301195d324ba1804b3","0x08248d2c08287f4e3198d2664edf27d9534f9e87","","0","0.001","0.000199817846218984","0.00105","0.000209808738529933","0.43","","","Transfer"
"0x61c5a65b817b449c5fd766afe136dc46a01bbe3b321775de9f29fc97427eef0e","62293168","1727342464","2024-09-26 09:21:04","0x08248d2c08287f4e3198d2664edf27d9534f9e87","0xfbf09458731c8927766e8d301195d324ba1804b3","","0.0003801","0","0.0000759507633478358","0.0021","0.000419617477059866","0.43","","","Transfer"
"0xce7cfb01d423e1ac4b174e445b66922bae625037ca6d5fdb0b3879c1ae68246f","65389663","1734001934","2024-12-12 11:12:14","0xfbf09458731c8927766e8d301195d324ba1804b3","0x039d925d9bb0aa119106ce56573d44ced4b5e464","","0","0.001","0.000199817846218984","0.00105","0.000209808738529933","0.62","","","Transfer"
"0xaf5e5a7a0fdd352695095dcd5b0d7b78824ae7a6e74722077789054a87b58ede","65392323","1734007602","2024-12-12 12:46:42","0xfbf09458731c8927766e8d301195d324ba1804b3","0x039d925d9bb0aa119106ce56573d44ced4b5e464","","0","0.001","0.000199817846218984","0.001455089929419","0.000290752935751438","0.62","","","Transfer"
"0xfaf7b3173d9af779444f7d63a6913c63597a1263ed511eafda453283640e942e","67646942","1738934618","2025-02-07 13:23:38","0xfbf09458731c8927766e8d301195d324ba1804b3","0x0adcf581e6e0866c950d5c2fa71e18ba6fd58982","","0","0.000000000000000001","0.0000000000000000001998178462","0.002930496717162","0.000585565542375114","0.30","","","Transfer"
"0xb9fa3e93c9c799d48c2067cf6c458a63ac331d6e660f91ff65cda6c7659df08d","67646952","1738934640","2025-02-07 13:24:00","0x0a68e2af580ecff638c98e4cd92c418a00358982","0xfbf09458731c8927766e8d301195d324ba1804b3","","0","0","0","0.003129837440604","0.000625397376397028","0.30","","","Transfer"
"0xae532a1d20bff7f5dc2988d7b8f2acb4f849dd77c8f27e0cabb994862af90de5","67647260","1738935390","2025-02-07 13:36:30","0xfbf09458731c8927766e8d301195d324ba1804b3","0x0b59b1074b1d79eb1c9cdc933601f6bdebe47be1","","0","0.000000000000000001","0.0000000000000000001998178462","0.010345107301914","0.00206713705997274","0.30","","","Transfer"
"0x32eb65f3c72fd4e3126525ad273cb2a24b9f12ac4f43cbffe1a79dc5a583d294","67648267","1738937690","2025-02-07 14:14:50","0xfbf09458731c8927766e8d301195d324ba1804b3","0x0af8de4356bdbda38424e952711e324c402b9425","","0","0.000000000000000001","0.0000000000000000001998178462","0.0021","0.000419617477059866","0.30","","","Transfer"
"0xe15d5d0878ebb94414ea403d534068daa70d016113ff481bda1e134a39e5d638","67648267","1738937690","2025-02-07 14:14:50","0xfbf09458731c8927766e8d301195d324ba1804b3","0x0b59b1074b1d79eb1c9cdc933601f6bdebe47be1","","0","0.002","0.000399635692437968","0.007741588495956","0.00154690753957559","0.30","","","Transfer"
"0x8504670b0aa000ee444e0baec8f0e60952cdf8c33584456525441f89262e79d1","67871281","1739445711","2025-02-13 11:21:51","0xfbf09458731c8927766e8d301195d324ba1804b3","0x0af8de4356bdbda38424e952711e324c402b9425","","0","0.000000000000000001","0.0000000000000000001998178462","0.0021","0.000419617477059866","0.32","","","Transfer"
"0x15d92c60c11abf6ada5d59c9aeb98c7d3a2cce465587b4e8e6a4eaff4f5aa3d9","67871281","1739445711","2025-02-13 11:21:51","0xfbf09458731c8927766e8d301195d324ba1804b3","0x0b9c14feede8ce595779fd1826a79698019206d2","","0","0.000000000000000001","0.0000000000000000001998178462","0.000693079564716","0.000138489665879942","0.32","","","Transfer"
"0xe4ff334425ddc051b599ce7650f202d237ef9bf65729bd490ef8b506a7519a32","67871281","1739445711","2025-02-13 11:21:51","0xfbf09458731c8927766e8d301195d324ba1804b3","0x0b9c14feede8ce595779fd1826a79698019206d2","","0","0.000000000000000001","0.0000000000000000001998178462","0.000800727530547","0.000159999650562147","0.32","","","Transfer"
"0x874d8869e8ae59cebd74b5763ccbfd5d6647c3c496777b41b81a8f905cc03069","67871356","1739445898","2025-02-13 11:24:58","0xfbf09458731c8927766e8d301195d324ba1804b3","0x0b9c14feede8ce595779fd1826a79698019206d2","","0","0.002","0.000399635692437968","0.000757532021568","0.000151368416991631","0.32","","","Transfer"
"0x2905d371bdfb9463b7c06dcc174063058fadbdaca08d7a14127668f3cf45d25a","67873298","1739450154","2025-02-13 12:35:54","0xfbf09458731c8927766e8d301195d324ba1804b3","0x0af8de4356bdbda38424e952711e324c402b9425","","0","0.001","0.000199817846218984","0.0021","0.000419617477059866","0.32","","","Transfer"
"0x26486dd4c71832d111be098740571e6e8f387c29fedf7e6d556e34495b330875","67873298","1739450154","2025-02-13 12:35:54","0xfbf09458731c8927766e8d301195d324ba1804b3","0x082e83e80d03ef13cbe8e4c00a92cc15f6e75228","","0","0.5","0.099908923109492","0.000796651005318","0.000159185088070831","0.32","","","Transfer"
"0x5f90b1092919183b5bf771e808363aa4d84b61873a7e265ce1fd04d399d6caaa","67873298","1739450154","2025-02-13 12:35:54","0xfbf09458731c8927766e8d301195d324ba1804b3","0x8f006d1e1d9dc6c98996f50a4c810f17a47fbf19","","0","0","0","0.001320811530445275","0.000263921715274775","0.32","","","Transfer"
"0x904b906beb91ed8892778303751b2cd03e545a2cf9d18d59c905dc3d064e4503","67873357","1739450278","2025-02-13 12:37:58","0xfbf09458731c8927766e8d301195d324ba1804b3","0x8f006d1e1d9dc6c98996f50a4c810f17a47fbf19","","0","0","0","0.00133629375","0.000267015339040889","0.32","","","Transfer"
"0x3f88821ea857833965356962aadbb7e8d87858d738fd3ae0ddbb05b364855e1b","67876477","1739457075","2025-02-13 14:31:15","0xfbf09458731c8927766e8d301195d324ba1804b3","0x0c4951b8c5870cb002cff883b8a3c1c657b512f6","","0","0.000000000000000001","0.0000000000000000001998178462","0.001350891999429","0.00026993232980036","0.32","","","Transfer"
"0xa68e40969d17ff8cd5653c6a84b56c818674a29d8f0178b09940d882de79c16f","67879637","1739463855","2025-02-13 16:24:15","0xfbf09458731c8927766e8d301195d324ba1804b3","0x0c82b9db43218dc165422c25608644a8b895076c","","0","0.000000000000000001","0.0000000000000000001998178462","0.00105","0.000209808738529933","0.32","","","Transfer"
"0xde3324e90fafefb62a59b1c49fcab4cefb80d2f734ce6eb9c8f6fa449a82187f","67879700","1739463989","2025-02-13 16:26:29","0xfbf09458731c8927766e8d301195d324ba1804b3","0x0af8de4356bdbda38424e952711e324c402b9425","","0","0.000000000000000001","0.0000000000000000001998178462","0.0021","0.000419617477059866","0.32","","","Transfer"
"0x52cb14b87909a317b49ba468f565892fecc20c070cf26f3245ad3d4397316f7a","67879755","1739464105","2025-02-13 16:28:25","0xfbf09458731c8927766e8d301195d324ba1804b3","0x0c82b9db43218dc165422c25608644a8b895076c","","0","0.01","0.00199817846218984","0.00105","0.000209808738529933","0.32","","","Transfer"
"0x641ea23942d66c29308f3da78afbfd8ac8051bdf2027d3ab7fc4c3e7d35cef6b","67879793","1739464219","2025-02-13 16:30:19","0x0c82b9db43218dc165422c25608644a8b895076c","0xfbf09458731c8927766e8d301195d324ba1804b3","","0.007900000000000001","0","0.00157856098512997","0.0021","0.000419617477059866","0.32","","","Transfer"
"0xc1c629b51c01ed014c70115231d18bf908393a3da8c287535a78779df97011c3","67880484","1739465687","2025-02-13 16:54:47","0xfbf09458731c8927766e8d301195d324ba1804b3","0x0af8de4356bdbda38424e952711e324c402b9425","","0","0.000000000000000001","0.0000000000000000001998178462","0.0021","0.000419617477059866","0.32","","","Transfer"
"0x1c029a3ab8d81bb7789609828b2b5423ee9ecabb6c51b1aac30a3807d1029c52","67880484","1739465687","2025-02-13 16:54:47","0xfbf09458731c8927766e8d301195d324ba1804b3","0x0d07af79862019dd7542396b78b2c253f2c55fe5","","0","0.000000000000000001","0.0000000000000000001998178462","0.001051652983437","0.00021013903412015","0.32","","","Transfer"
"0x8f833acb1e62067f3f78f257219eb15897dad872b00a99ebccc437d65b646938","67880511","1739465743","2025-02-13 16:55:43","0xfbf09458731c8927766e8d301195d324ba1804b3","0x0dabbcc2d6d67db0140cca2688e69572fb350ee7","","0","0.000000000000000001","0.0000000000000000001998178462","0.000877038282288","0.000175247900618385","0.32","","","Transfer"
"0x84d41a0b58ddf8cd9504c692d53166b90566a92c6927904cfb233a4c5d1902d4","67880737","1739466257","2025-02-13 17:04:17","0xfbf09458731c8927766e8d301195d324ba1804b3","0x0e532c173c58a79e0ce74924033c5833bb4a53a6","","0","0.000000000000000001","0.0000000000000000001998178462","0.00105","0.000209808738529933","0.32","","","Transfer"
"0x5fa2059c5d09ed07880ac4d132f4d91e9f0ae3825240bc14691a3bb1cef31865","67881000","1739466815","2025-02-13 17:13:35","0xfbf09458731c8927766e8d301195d324ba1804b3","0x0ee9e8dce8cc849d0915820c2679f5e329321bc2","","0","0.000000000000000001","0.0000000000000000001998178462","0.00105","0.000209808738529933","0.32","","","Transfer"
"0xf7aa165555098c27414db7e3afb3c7577a510cbd8cede4410b927781847e9a23","67881164","1739467163","2025-02-13 17:19:23","0xfbf09458731c8927766e8d301195d324ba1804b3","0x0eea29ecb131f0a6c2baa7ae6ac5906e5b5845f8","","0","0.000000000000000001","0.0000000000000000001998178462","0.00105","0.000209808738529933","0.32","","","Transfer"
"0xf95745cee35d7f90881f1de1e004825f90ef4a7814401de4d699b216c51528d8","67882090","1739469165","2025-02-13 17:52:45","0xfbf09458731c8927766e8d301195d324ba1804b3","0x0af8de4356bdbda38424e952711e324c402b9425","","0","0.000000000000000001","0.0000000000000000001998178462","0.0021","0.000419617477059866","0.32","","","Transfer"
"0x014f260a7988df889445ab6a478acaaa69c8226b2a1f441e85458ff2ddf1d099","67882187","1739469395","2025-02-13 17:56:35","0xfbf09458731c8927766e8d301195d324ba1804b3","0x0af8de4356bdbda38424e952711e324c402b9425","","0","0.000000000000000001","0.0000000000000000001998178462","0.0021","0.000419617477059866","0.32","","","Transfer"
"0x5172604f6d2a72bd52727aa372ecb1cfb767a5e19d21f6edd0b8897d9f45a2a4","67882335","1739469717","2025-02-13 18:01:57","0xfbf09458731c8927766e8d301195d324ba1804b3","0x0af8de4356bdbda38424e952711e324c402b9425","","0","0.000000000000000001","0.0000000000000000001998178462","0.0021","0.000419617477059866","0.32","","","Transfer"
"0x56511aaabe4a4935a668a7f7ddb52612214ede8606d6bb8c103da95b5a7108a5","67882385","1739469825","2025-02-13 18:03:45","0xfbf09458731c8927766e8d301195d324ba1804b3","0x0af8de4356bdbda38424e952711e324c402b9425","","0","0.000000000000000001","0.0000000000000000001998178462","0.0021","0.000419617477059866","0.32","","","Transfer"
"0xb1218e59882cd4acb5e11f402cb876e63949375663711deee286fcd676f7ec44","67882865","1739470845","2025-02-13 18:20:45","0xfbf09458731c8927766e8d301195d324ba1804b3","0x0af8de4356bdbda38424e952711e324c402b9425","","0","0.000000000000000001","0.0000000000000000001998178462","0.0021","0.000419617477059866","0.32","","","Transfer"
"0x17f65de8eedef7febcc921a57605b6a5e821de0d261cf0491e7f33bd512d0512","67883136","1739471456","2025-02-13 18:30:56","0xfbf09458731c8927766e8d301195d324ba1804b3","0x10dc16ab69b605dd94bb41485f20874c1ae5eb92","","0","0.000000000000000001","0.0000000000000000001998178462","0.0008316","0.000166168520915707","0.32","","","Transfer"
"0xa21ff664e81c6e668958df5a34cfc498d2c655f1db6b7f9468b4245125b58456","67883202","1739471596","2025-02-13 18:33:16","0xfbf09458731c8927766e8d301195d324ba1804b3","0x0af8de4356bdbda38424e952711e324c402b9425","","0","0.000000000000000001","0.0000000000000000001998178462","0.0021","0.000419617477059866","0.32","","","Transfer"
"0x86e2feb5166ff8a2106d65a8a656f22bec26bb290487aafe476f8b42e4f25b63","67883234","1739471664","2025-02-13 18:34:24","0xfbf09458731c8927766e8d301195d324ba1804b3","0x10dc16ab69b605dd94bb41485f20874c1ae5eb92","","0","0.01","0.00199817846218984","0.000819000011634","0.000163650818378029","0.32","","","Transfer"
"0x28cfd427000e4348eb3e7aaa75a5f1374d585cf44157608c82be62cc9ea8cdde","67883269","1739471738","2025-02-13 18:35:38","0x10dc16ab69b605dd94bb41485f20874c1ae5eb92","0xfbf09458731c8927766e8d301195d324ba1804b3","","0.007900000000000001","0","0.00157856098512997","0.0021","0.000419617477059866","0.32","","","Transfer"
"0x48594614980f5d8bada0181ba29538a054a5d5e72f3bd472338f97913b3f8801","67884033","1739473505","2025-02-13 19:05:05","0xfbf09458731c8927766e8d301195d324ba1804b3","0x11f7898b68785ccfc6610361b4838ee9b0f9890c","","0","0.000000000000000001","0.0000000000000000001998178462","0.001068320738982","0.000213469549134457","0.32","","","Transfer"
"0xf5a6f651867df4306cf42bc96d86e3c44f041229afbd54f2bf6bbd03491864b4","67884121","1739473691","2025-02-13 19:08:11","0xfbf09458731c8927766e8d301195d324ba1804b3","0x0af8de4356bdbda38424e952711e324c402b9425","","0","0.000000000000000001","0.0000000000000000001998178462","0.0021","0.000419617477059866","0.32","","","Transfer"
"0x940dbd3e664ec90d6d8474b4c32f071944cfcffab78fa7d86aa15a415c95d0db","67884177","1739473812","2025-02-13 19:10:12","0xfbf09458731c8927766e8d301195d324ba1804b3","0x0af8de4356bdbda38424e952711e324c402b9425","","0","0.000000000000000001","0.0000000000000000001998178462","0.0021","0.000419617477059866","0.32","","","Transfer"
"0x577d903dfefdb8cc8d8769e0cf73124a5c332ea806a2d61eaf2e464293ae662a","67884244","1739473954","2025-02-13 19:12:34","0xfbf09458731c8927766e8d301195d324ba1804b3","0x124bbd75d01ba71656b3cff1a36c44f6e0aa7481","","0","0.000000000000000001","0.0000000000000000001998178462","0.00105","0.000209808738529933","0.32","","","Transfer"
"0xd80becf741f6ca8fe00ae145ebda107b4b15621c0f364a9c8af3c1ee64242d4a","67884281","1739474032","2025-02-13 19:13:52","0xfbf09458731c8927766e8d301195d324ba1804b3","0x0af8de4356bdbda38424e952711e324c402b9425","","0","0.000000000000000001","0.0000000000000000001998178462","0.0021","0.000419617477059866","0.32","","","Transfer"
"0x9920ea89fc26857bc3ba7ffb9820049dcf66e81020f6e4d7cd9dbec5e86defaa","67884324","1739474124","2025-02-13 19:15:24","0xfbf09458731c8927766e8d301195d324ba1804b3","0x124bbd75d01ba71656b3cff1a36c44f6e0aa7481","","0","0.01","0.00199817846218984","0.000858858008169","0.000171615157400256","0.32","","","Transfer"
"0xa0c1c37f3c05664a8f8e66060c7aafe304a6a2228dd90f7a26d3b0ee1f1c90bc","67884358","1739474196","2025-02-13 19:16:36","0x124bbd75d01ba71656b3cff1a36c44f6e0aa7481","0xfbf09458731c8927766e8d301195d324ba1804b3","","0.007900000000000001","0","0.00157856098512997","0.0021","0.000419617477059866","0.32","","","Transfer"
"0x6230c15e6b8a4ef7746aaab5fb8f81aef9eebff2c016c6ec6093f83bee881f60","67884582","1739474687","2025-02-13 19:24:47","0xfbf09458731c8927766e8d301195d324ba1804b3","0x13015c57af68bd3db34870513a74ce62e3b05f29","","0","51.788735239256073349","10.3483135339133","0.000798777001302","0.000159609900009424","0.32","","","Transfer"
"0x7e27cf2aa771a3762fbfb708bf6263e5fa50cca01aced994c3a5b63cb2016cc0","67884614","1739474773","2025-02-13 19:26:13","0x13015c57af68bd3db34870513a74ce62e3b05f29","0xfbf09458731c8927766e8d301195d324ba1804b3","","51.786635239256073349","0","10.3478939164363","0.0021","0.000419617477059866","0.32","","","Transfer"
"0x3939911d692c4febaf1e78253c07b3f76b9c88ca89f6fa02fb987b423595111b","67884624","1739474795","2025-02-13 19:26:35","0xfbf09458731c8927766e8d301195d324ba1804b3","0x13015c57af68bd3db34870513a74ce62e3b05f29","","0","0.04","0.00799271384875936","0.00105","0.000209808738529933","0.32","","","Transfer"
"0x429b3087e15e1fa6f6fa13cf521a434a15cdf694c21733731efc4b5fdd3acf30","67884743","1739475047","2025-02-13 19:30:47","0x13015c57af68bd3db34870513a74ce62e3b05f29","0xfbf09458731c8927766e8d301195d324ba1804b3","","0.0379","0","0.00757309637169949","0.0021","0.000419617477059866","0.32","","","Transfer"
"0xb108da3c0d923bb97082f0672d577768d21cfbbf42fdaf27c6c1817dbb55019f","67884854","1739475283","2025-02-13 19:34:43","0xfbf09458731c8927766e8d301195d324ba1804b3","0x13690254d0c183b99c9eb3d8431fc3d5c5e29b9e","","0","0.000000000000000001","0.0000000000000000001998178462","0.001050000003276","0.000209808739184536","0.32","","","Transfer"
"0x39c1825954c16233cd28f7420b2fbe7df0426ea62712de36d1946ad19d59a859","67884897","1739475375","2025-02-13 19:36:15","0xfbf09458731c8927766e8d301195d324ba1804b3","0x13690254d0c183b99c9eb3d8431fc3d5c5e29b9e","","0","0.000000000000000001","0.0000000000000000001998178462","0.000945000002289","0.000188827865134323","0.32","","","Transfer"
"0x6aa7163da825e64d6e2f5e619c4bf8dc41bb573efa64093ba6d54c7f22c2b103","67884922","1739475427","2025-02-13 19:37:07","0xfbf09458731c8927766e8d301195d324ba1804b3","0x0af8de4356bdbda38424e952711e324c402b9425","","0","0.000000000000000001","0.0000000000000000001998178462","0.0021","0.000419617477059866","0.32","","","Transfer"
"0xa1e28ca6c0ef6734654de0a4201bb6198fb88d5385bfb4f095df10bf53c1912c","67884967","1739475523","2025-02-13 19:38:43","0xfbf09458731c8927766e8d301195d324ba1804b3","0x13690254d0c183b99c9eb3d8431fc3d5c5e29b9e","","0","0.01","0.00199817846218984","0.00105","0.000209808738529933","0.32","","","Transfer"
"0x1bbd6a5d27211991b14ac4041ed78ad8606b168cf8ad4af9133a8bb2d171502e","67885001","1739475595","2025-02-13 19:39:55","0x13690254d0c183b99c9eb3d8431fc3d5c5e29b9e","0xfbf09458731c8927766e8d301195d324ba1804b3","","0.007900000000000002","0","0.00157856098512997","0.0021","0.000419617477059866","0.32","","","Transfer"
"0x521cb845dfc6c10287500f7f5d0d04d8cc0538acb4aab8af9e1dfa6c36a2da35","68036544","1739801629","2025-02-17 14:13:49","0xfbf09458731c8927766e8d301195d324ba1804b3","0x146dd3875a421ef1f72805f6a5572899b9a2f8a2","","0","0.000000000000000001","0.0000000000000000001998178462","0.001900835060313","0.000379820767769276","0.32","","","Transfer"
"0x8bd7ae7e526cb960809cf475583c85c2097c4aeba1fa0854156a25bf6fa0df74","68036545","1739801631","2025-02-17 14:13:51","0xfbf09458731c8927766e8d301195d324ba1804b3","0x0af8de4356bdbda38424e952711e324c402b9425","","0","0.000000000000000001","0.0000000000000000001998178462","0.0021","0.000419617477059866","0.32","","","Transfer"
"0x93f8b0f6143c63ae54e64daa6c21278a19767738315bab9c0fcf2de8f251888a","68036553","1739801647","2025-02-17 14:14:07","0x1461690322570205108bd4acd1b454c9c082f8a2","0xfbf09458731c8927766e8d301195d324ba1804b3","","0","0","0","0.002455544780745","0.000490661669382733","0.32","","","Transfer"
"0x3865e9ceea6c8599b5226029c31e15135119bfbbaa9d01649d0f00eb06e3d5f4","68036577","1739801699","2025-02-17 14:14:59","0xfbf09458731c8927766e8d301195d324ba1804b3","0x146dd3875a421ef1f72805f6a5572899b9a2f8a2","","0","0.000000000000000001","0.0000000000000000001998178462","0.001787096589999","0.000357093791598891","0.32","","","Transfer"
"0x2321a9aaa2401431f49062a21ed539844fd19da9e29cdc1ec8f20144b124a917","68036704","1739801969","2025-02-17 14:19:29","0xfbf09458731c8927766e8d301195d324ba1804b3","0x14e3a2a27e903c70dca28ad115cbf2bf9d043249","","0","0.000000000000000001","0.0000000000000000001998178462","0.002255405027946","0.000450670175035637","0.32","","","Transfer"
"0x32dcd4a8826eacb709eb0a8b08213840b6ad4f50309152e243807382505120d4","68036755","1739802077","2025-02-17 14:21:17","0xfbf09458731c8927766e8d301195d324ba1804b3","0x14e3a2a27e903c70dca28ad115cbf2bf9d043249","","0","0.01","0.00199817846218984","0.00193131724422","0.000385911652105624","0.32","","","Transfer"
"0x64c233007468f10d5aa2eed8e082f9519b0e71785e5bd216e9e6c697b0a4959d","68036778","1739802125","2025-02-17 14:22:05","0x14e3a2a27e903c70dca28ad115cbf2bf9d043249","0xfbf09458731c8927766e8d301195d324ba1804b3","","0.007900000000000001","0","0.00157856098512997","0.0021","0.000419617477059866","0.32","","","Transfer"
"0xb33103359c5bd8c170b4076f81f1cf06330d17e748e6207bc241b222e5c41237","68036840","1739802257","2025-02-17 14:24:17","0xfbf09458731c8927766e8d301195d324ba1804b3","0x14e3a2a27e903c70dca28ad115cbf2bf9d043249","","0","51.763366808326728345","10.3432444686831","0.002206149532923","0.000440828048105691","0.32","","","Transfer"
"0xd190d454b56463380735a9490b99abb6c5084f3f0196345222545bfc052a00e0","68036877","1739802335","2025-02-17 14:25:35","0x14e3a2a27e903c70dca28ad115cbf2bf9d043249","0xfbf09458731c8927766e8d301195d324ba1804b3","","51.761266808326728345","0","10.342824851206","0.0021","0.000419617477059866","0.32","","","Transfer"
"0xba74bf546cf8d674eb304d7a60fa397a3a0f40ac38fe786a467747d33e2de13b","68036887","1739802357","2025-02-17 14:25:57","0xfbf09458731c8927766e8d301195d324ba1804b3","0x14e3a2a27e903c70dca28ad115cbf2bf9d043249","","0","0.04","0.00799271384875936","0.001981394531802","0.000395917987854748","0.32","","","Transfer"
"0xd32083d48a9e1ee397718058f82f2e4efbe63073c1456d4c598459b869181f36","68037012","1739802623","2025-02-17 14:30:23","0x14e3a2a27e903c70dca28ad115cbf2bf9d043249","0xfbf09458731c8927766e8d301195d324ba1804b3","","0.0379","0","0.00757309637169949","0.0021","0.000419617477059866","0.32","","","Transfer"
"0x7dc9a1f80f1868e329d08f0cf60778129e89d0e9ba9d02a74571d3b98f2fdb8b","68037042","1739802687","2025-02-17 14:31:27","0xfbf09458731c8927766e8d301195d324ba1804b3","0x14e3a2a27e903c70dca28ad115cbf2bf9d043249","","0","0.000000000000000001","0.0000000000000000001998178462","0.00158486575737","0.000316684462183892","0.32","","","Transfer"
"0x295e1e2df726be2e2265f096d6567651292d7667dc1ff37d2750c2a68361d481","68037044","1739802691","2025-02-17 14:31:31","0xfbf09458731c8927766e8d301195d324ba1804b3","0x0af8de4356bdbda38424e952711e324c402b9425","","0","0.000000000000000001","0.0000000000000000001998178462","0.0021","0.000419617477059866","0.32","","","Transfer"
"0x0a5772fb57ca3ffeff2bfa8964d9832e43d2038ec40f7f417ef6e28d3ca63cf7","68037071","1739802747","2025-02-17 14:32:27","0xfbf09458731c8927766e8d301195d324ba1804b3","0x14e3a2a27e903c70dca28ad115cbf2bf9d043249","","0","0.000000000000000001","0.0000000000000000001998178462","0.001589230927053","0.00031755670098833","0.32","","","Transfer"
"0x5b1b0ab9dcca810c0c15d846fb5c49af2467884c77dc7aa85cf63005059398ea","68166319","1740081408","2025-02-20 19:56:48","0xfbf09458731c8927766e8d301195d324ba1804b3","0x154d013e152ff72b306717b03c205227a0a53463","","0","0.000000000000000001","0.0000000000000000001998178462","0.0007935178377","0.000158559025265559","0.31","","","Transfer"
"0x30b9527db94dda96e9f9ac572b25d099e2e7f5986f0c25b2d394df485ffeef24","68166356","1740081488","2025-02-20 19:58:08","0xfbf09458731c8927766e8d301195d324ba1804b3","0x154d013e152ff72b306717b03c205227a0a53463","","0","0.01","0.00199817846218984","0.000921984","0.000184228857128364","0.31","","","Transfer"
"0x96b32bfdf21d1884dc93658b5263bf3057755cdb2ce0848abc80144f9d1f8ccb","68166385","1740081550","2025-02-20 19:59:10","0x154d013e152ff72b306717b03c205227a0a53463","0xfbf09458731c8927766e8d301195d324ba1804b3","","0.007900000000000001","0","0.00157856098512997","0.0021","0.000419617477059866","0.31","","","Transfer"
"0x6ca4a2e8c2c1fe9eb0917903b40ee9d3b2aa36e6ec2e80f5f90d4915f88878a6","68166923","1740082692","2025-02-20 20:18:12","0xfbf09458731c8927766e8d301195d324ba1804b3","0x0af8de4356bdbda38424e952711e324c402b9425","","0","0.000000000000000001","0.0000000000000000001998178462","0.0021","0.000419617477059866","0.31","","","Transfer"
"0x1bc132f45bc888c4ab7b88fe0e8acd4c2e511bf99840f7f63bd8a6edc8ea0844","68167169","1740083216","2025-02-20 20:26:56","0xfbf09458731c8927766e8d301195d324ba1804b3","0x154d013e152ff72b306717b03c205227a0a53463","","0","0.000000000000000001","0.0000000000000000001998178462","0.001050000071736","0.000209808752864066","0.31","","","Transfer"
"0x5535cde85430010e534819829593ac8b10d047633d20a0fc117f37310f06525f","68167174","1740083226","2025-02-20 20:27:06","0xfbf09458731c8927766e8d301195d324ba1804b3","0x15d680cbfa8222258b69b34c3fd41323e79caa22","","0","0.000000000000000001","0.0000000000000000001998178462","0.001050000070392","0.000209808752595511","0.31","","","Transfer"
"0x034f26d075356a462510536a855883e3d5d235d1676cff98edc9b2b53cb8239c","68167179","1740083236","2025-02-20 20:27:16","0xfbf09458731c8927766e8d301195d324ba1804b3","0x15d680cbfa8222258b69b34c3fd41323e79caa22","","0","0.01","0.00199817846218984","0.001050000058086","0.000209808750136553","0.31","","","Transfer"
"0x921a6b7855b681090b8f7dc63e2d39446530d52050e58f5c020c5d41ce25ac52","68167186","1740083252","2025-02-20 20:27:32","0x15d680cbfa8222258b69b34c3fd41323e79caa22","0xfbf09458731c8927766e8d301195d324ba1804b3","","0.007900000000000001","0","0.00157856098512997","0.0021","0.000419617477059866","0.31","","","Transfer"
"0x718a62ebef68fa586d4d2c10b9e7821c9306e3be990de8a378c18dbe9b71ce4b","68167334","1740083566","2025-02-20 20:32:46","0xfbf09458731c8927766e8d301195d324ba1804b3","0x16453f278b41034d743bb5f29b70aa769e236b1c","","0","0.000000000000000001","0.0000000000000000001998178462","0.000787500006825","0.000157356555261207","0.31","","","Transfer"
"0x470aaa7908573f647df5a724f8ed79576c68ae7251eb023ed8c26e34a2ff8b77","68167367","1740083636","2025-02-20 20:33:56","0xfbf09458731c8927766e8d301195d324ba1804b3","0x0af8de4356bdbda38424e952711e324c402b9425","","0","0.000000000000000001","0.0000000000000000001998178462","0.0021","0.000419617477059866","0.31","","","Transfer"
"0x8ee49ee9826cc1bacb3417be0bee94a1799a90f38da76a77778736b219f5c922","68167409","1740083726","2025-02-20 20:35:26","0xfbf09458731c8927766e8d301195d324ba1804b3","0x16453f278b41034d743bb5f29b70aa769e236b1c","","0","0.01","0.00199817846218984","0.000945000002352","0.000188827865146911","0.31","","","Transfer"
"0x917de1e4e9d033c0ac9038083c0c3720c4f05b08cda6793a750e6d71c784d7e7","68167446","1740083804","2025-02-20 20:36:44","0x16453f278b41034d743bb5f29b70aa769e236b1c","0xfbf09458731c8927766e8d301195d324ba1804b3","","0.007900000000000001","0","0.00157856098512997","0.0021","0.000419617477059866","0.31","","","Transfer"
"0xc9a70d2fc7814d99759d82669c9a044161ce011b5a209dbb8003a059dc81ac06","73207680","1750863947","2025-06-25 15:05:47","0xfbf09458731c8927766e8d301195d324ba1804b3","0x0af8de4356bdbda38424e952711e324c402b9425","","0","0.1","0.0199817846218984","0.0021","0.000419617477059866","0.18","","","Transfer"
"0x6ec1ffa0754b40b4de2297f20c01877c547cfccdb8eba86e97b9383f6e501234","73207680","1750863947","2025-06-25 15:05:47","0xfbf09458731c8927766e8d301195d324ba1804b3","0x07b48cbdc4ccf5004721c37d3b0d98e4f679ab0f","","0","1","0.199817846218984","0.0009569228739","0.000191210267660378","0.18","","","Transfer"
"0xf0c5f634cc20b6a3513ceed401502b60ae01fc8e0ae77e01f6d6aeeaf16d3505","73207685","1750863957","2025-06-25 15:05:57","0x0af8de4356bdbda38424e952711e324c402b9425","0xfbf09458731c8927766e8d301195d324ba1804b3","","0.098900000000000018","0","0.0197619849910575","0.0021","0.000419617477059866","0.18","","","Transfer"
"0x955e60796f9658556dc54522a5de510246268034e8c06cf300e3c003a6e6ee56","73207939","1750864499","2025-06-25 15:14:59","0xfbf09458731c8927766e8d301195d324ba1804b3","0x16e2babe02812f5b29f99451d299a6918497ef15","","0","0.000000000000000001","0.0000000000000000001998178462","0.00105","0.000209808738529933","0.18","","","Transfer"
"0x29b092035bf7e7955f24cd29e8de72edfa286e4f7c036bca95bbb6a1350036df","73207978","1750864581","2025-06-25 15:16:21","0xfbf09458731c8927766e8d301195d324ba1804b3","0x0af8de4356bdbda38424e952711e324c402b9425","","0","0.000000000000000001","0.0000000000000000001998178462","0.0021","0.000419617477059866","0.18","","","Transfer"
"0x78eafd6f3907819f9e63c14d860ffb73ea44545db6c55298dde195b53fb8b060","73208040","1750864713","2025-06-25 15:18:33","0xfbf09458731c8927766e8d301195d324ba1804b3","0x16e2babe02812f5b29f99451d299a6918497ef15","","0","0.016","0.00319708553950374","0.00105","0.000209808738529933","0.18","","","Transfer"
"0x59dbfbcdb6a900f4f4ab777e1a9249bb00cf7369f9d8d1975e3c897d6f6a83fa","73208082","1750864803","2025-06-25 15:20:03","0x16e2babe02812f5b29f99451d299a6918497ef15","0xfbf09458731c8927766e8d301195d324ba1804b3","","0.013900000000000001","0","0.00277746806244388","0.0021","0.000419617477059866","0.18","","","Transfer"
"0x678c7fbb9dcc093a1b309079aa65600f77344b155a28b294f933f1377bbb2f03","73208206","1750865065","2025-06-25 15:24:25","0xfbf09458731c8927766e8d301195d324ba1804b3","0x1733541813546c33f3dc3f4c5ffd27a4b0f262e3","","0","0.000000000000000001","0.0000000000000000001998178462","0.000945000002478","0.000188827865172088","0.18","","","Transfer"
"0x57ad053f37bb17f0d5ddaad8eca1fba663449e978cab77b795716ea737a070af","73208402","1750865483","2025-06-25 15:31:23","0xfbf09458731c8927766e8d301195d324ba1804b3","0x178301e7744c267baff8cf0489c894e751667c41","","0","0.000000000000000001","0.0000000000000000001998178462","0.000830340000798","0.000165916750588926","0.18","","","Transfer"
"0xb1d3423c1dd71741e2394ede09f40109b515bc0f1621c6fde32229ca66416aae","73208513","1750865719","2025-06-25 15:35:19","0xfbf09458731c8927766e8d301195d324ba1804b3","0x0af8de4356bdbda38424e952711e324c402b9425","","0","0.000000000000000001","0.0000000000000000001998178462","0.0021","0.000419617477059866","0.18","","","Transfer"
"0x12e9b130b8f784536905fef606dbe4e87d80aeff2527550102b28fd0d80c6ec4","73208563","1750865825","2025-06-25 15:37:05","0xfbf09458731c8927766e8d301195d324ba1804b3","0x17abbad87f204872490db80dde16ad7824b5c0e9","","0","0.016","0.00319708553950374","0.00105","0.000209808738529933","0.18","","","Transfer"
"0x0afe53c8f3c22ae5dff3f93c6b639ad7134845db0da7f0e06d92bb418ad7aaf7","73208596","1750865895","2025-06-25 15:38:15","0x17abbad87f204872490db80dde16ad7824b5c0e9","0xfbf09458731c8927766e8d301195d324ba1804b3","","0.0139","0","0.00277746806244388","0.0021","0.000419617477059866","0.18","","","Transfer"
"0xc704b79e04c9b252384fd070bd460ee52aec91a6b4420a9abbd51f8eb13a099c","73208635","1750865977","2025-06-25 15:39:37","0xfbf09458731c8927766e8d301195d324ba1804b3","0x17abbad87f204872490db80dde16ad7824b5c0e9","","0","0.000000000000000001","0.0000000000000000001998178462","0.000922383001722","0.000184308584793091","0.18","","","Transfer"
"0x1f94374bfb16ae3323fd33daf4030fd90a6e96498d4ba467f3d69a4e23bce464","73208713","1750866143","2025-06-25 15:42:23","0xfbf09458731c8927766e8d301195d324ba1804b3","0x17b790a447de36062856d7585875f04c94e69122","","0","0.000000000000000001","0.0000000000000000001998178462","0.00105","0.000209808738529933","0.18","","","Transfer"
"0x2c58a37c046af083594752506476e3e0d4132cb67a593336bb03bfca116b1834","73208940","1750866625","2025-06-25 15:50:25","0xfbf09458731c8927766e8d301195d324ba1804b3","0x8f006d1e1d9dc6c98996f50a4c810f17a47fbf19","","0","0","0","0.0025474798732194","0.000509031941552911","0.18","","","Transfer"
"0x0a3950c021e0514184af434c117bbf51380156fcfd7bb8ae6b493932e8cf3c5d","73209017","1750866789","2025-06-25 15:53:09","0xfbf09458731c8927766e8d301195d324ba1804b3","0x8f006d1e1d9dc6c98996f50a4c810f17a47fbf19","","0","0","0","0.0051525","0.00102956145264331","0.18","","","Transfer"
"0x0bc14b6a96d423a9bc83fd54ae9c52346f34c019f6dc2fa1857af607843342a4","73209076","1750866915","2025-06-25 15:55:15","0xfbf09458731c8927766e8d301195d324ba1804b3","0x8f006d1e1d9dc6c98996f50a4c810f17a47fbf19","","0","0","0","0.002454956168940639","0.000490544054239727","0.18","","","Transfer"
"0x42725b9968e9bd60fbd6e9dd2046bb40491e75dc3131a403badd400b65a71f5e","73209152","1750867077","2025-06-25 15:57:57","0xfbf09458731c8927766e8d301195d324ba1804b3","0x8f006d1e1d9dc6c98996f50a4c810f17a47fbf19","","0","0","0","0.002475045113472624","0.000494558183868921","0.18","","","Transfer"
"0x36532a6944546fbb6fd8eb6e0b42d0dcd2d070cf124d71e94df4bad7315253f1","73767291","1752058114","2025-07-09 10:48:34","0xfbf09458731c8927766e8d301195d324ba1804b3","0x18652872c06e5283a834d13de3a072b98a0f5b27","","0","0.000000000000000001","0.0000000000000000001998178462","0.00081375","0.000162601772360698","0.21","","","Transfer"
"0x5567d86f9cbaee54209430ef3d49449152befcacb568a7bee629d7a7f1a22374","73767438","1752058426","2025-07-09 10:53:46","0xfbf09458731c8927766e8d301195d324ba1804b3","0x18652872c06e5283a834d13de3a072b98a0f5b27","","0","0.000000000000000001","0.0000000000000000001998178462","0.000822412502583","0.0001643326949697","0.21","","","Transfer"
"0x8df65ecea0fe19140301609b948d7f31767fa9c08b3cdd4260024ddbcf1228a1","73767773","1752059170","2025-07-09 11:06:10","0xfbf09458731c8927766e8d301195d324ba1804b3","0x18652872c06e5283a834d13de3a072b98a0f5b27","","0","0.016","0.00319708553950374","0.000796689752922","0.000159192830533609","0.21","","","Transfer"
"0x09a56f6c6d81c8f5780d473d3f8edcaf9a1a0d8d468ccbd6c18f1c6da53b6b4f","73767776","1752059178","2025-07-09 11:06:18","0x18652872c06e5283a834d13de3a072b98a0f5b27","0xfbf09458731c8927766e8d301195d324ba1804b3","","0.013900000000000002","0","0.00277746806244388","0.0021","0.000419617477059866","0.21","","","Transfer"
"0x4b5d547037e12ea2376374cdc4fd67c2ec94ab865eb31962d55b2df39b51d72b","73767847","1752059328","2025-07-09 11:08:48","0xfbf09458731c8927766e8d301195d324ba1804b3","0x18652872c06e5283a834d13de3a072b98a0f5b27","","0","50.709989686240453687","10.1327609208915","0.000917700558894","0.000183372949152157","0.21","","","Transfer"
"0x831e9d73493ba16df619f10ed770e010da20c2a157a589f6364aa1f89b9b4b16","73767857","1752059350","2025-07-09 11:09:10","0x18652872c06e5283a834d13de3a072b98a0f5b27","0xfbf09458731c8927766e8d301195d324ba1804b3","","50.707889686240453687","0","10.1323413034144","0.0021","0.000419617477059866","0.21","","","Transfer"
"0xb064c08aa0c7ae099fde885d6fce6b356036c92b66e52ef9bda38a35ef716473","73767938","1752059528","2025-07-09 11:12:08","0xfbf09458731c8927766e8d301195d324ba1804b3","0x18652872c06e5283a834d13de3a072b98a0f5b27","","0","0.011000000000000001","0.00219799630840882","0.000832273901802","0.000166303178522346","0.21","","","Transfer"
"0xc94ce49b55cd746a5d3d878528f2bec7eb28ba1643cca92e9c0b61f05e48e661","73767945","1752059556","2025-07-09 11:12:36","0x18652872c06e5283a834d13de3a072b98a0f5b27","0xfbf09458731c8927766e8d301195d324ba1804b3","","0.008900000000000001","0","0.00177837883134896","0.0021","0.000419617477059866","0.21","","","Transfer"
"0xda4d0951a84765076fc85d7dd94131671fb84c09dc665fb4f151b4cd0c656e80","73767954","1752059588","2025-07-09 11:13:08","0xfbf09458731c8927766e8d301195d324ba1804b3","0x18652872c06e5283a834d13de3a072b98a0f5b27","","0","50.701971985681559688","10.1311588412342","0.000945000003276","0.000188827865331543","0.21","","","Transfer"
"0xd35675bae28e8dd39cb3e673587fd3ce481c0da76da2e9b3e06313c5e25fc1e0","73767961","1752059602","2025-07-09 11:13:22","0x18652872c06e5283a834d13de3a072b98a0f5b27","0xfbf09458731c8927766e8d301195d324ba1804b3","","50.699871985681559688","0","10.1307392237571","0.0021","0.000419617477059866","0.21","","","Transfer"
"0x7cbb81e1d60c105f4cd42244a71c7a2603ebadfaf434884f553b27a7fd3a1e8e","73768045","1752059780","2025-07-09 11:16:20","0xfbf09458731c8927766e8d301195d324ba1804b3","0x18652872c06e5283a834d13de3a072b98a0f5b27","","0","50.700994711776481687","10.1309635644673","0.00105000000336","0.000209808739201321","0.21","","","Transfer"
"0xe9e815cfc4dd056810269cec3dfcb7a7622a3fdc12031935c54d1d4f1a126a97","73768057","1752059806","2025-07-09 11:16:46","0x18652872c06e5283a834d13de3a072b98a0f5b27","0xfbf09458731c8927766e8d301195d324ba1804b3","","50.698894711776481687","0","10.1305439469902","0.0021","0.000419617477059866","0.21","","","Transfer"
"0x0626ae4440b1edea765756f4feeeaca76db1c5f62d666651a5fd2a8e6d67021b","73768217","1752060146","2025-07-09 11:22:26","0xfbf09458731c8927766e8d301195d324ba1804b3","0x0af8de4356bdbda38424e952711e324c402b9425","","0","0.000000000000000001","0.0000000000000000001998178462","0.0021","0.000419617477059866","0.21","","","Transfer"
"0xbd0861f9a6a4cb0deba3fe21a54c12314219581511ff3ca757245751bdc7b382","73768285","1752060290","2025-07-09 11:24:50","0xfbf09458731c8927766e8d301195d324ba1804b3","0x190b591376acc4c65a07293b26b12833037896cc","","0","0.000000000000000001","0.0000000000000000001998178462","0.000947507382297","0.000189328884407174","0.21","","","Transfer"
"0xa30bb8ae5793a77e536af9d74843869f966195c91b2a0e3af4210d791d81a882","73768323","1752060380","2025-07-09 11:26:20","0xfbf09458731c8927766e8d301195d324ba1804b3","0x0af8de4356bdbda38424e952711e324c402b9425","","0","0.000000000000000001","0.0000000000000000001998178462","0.0021","0.000419617477059866","0.21","","","Transfer"
"0x358fade5fab6d5694495e3aed97be8138aa40d2bbc21a911d11c52810a75f750","73768448","1752060670","2025-07-09 11:31:10","0xfbf09458731c8927766e8d301195d324ba1804b3","0x190b591376acc4c65a07293b26b12833037896cc","","0","0.000000000000000001","0.0000000000000000001998178462","0.000825928997775","0.000165035353465205","0.21","","","Transfer"
"0x4cfff6c7331d2508b6080bb95429945add3321a1d7f8ecec74db44b54f65a9cf","73768449","1752060672","2025-07-09 11:31:12","0xfbf09458731c8927766e8d301195d324ba1804b3","0x0af8de4356bdbda38424e952711e324c402b9425","","0","0.000000000000000001","0.0000000000000000001998178462","0.0021","0.000419617477059866","0.21","","","Transfer"
"0x756290c0e73514eaa3b0c22fb9a7e60a2f5eb734ee02454d649f48ead8b656b3","73768477","1752060730","2025-07-09 11:32:10","0xfbf09458731c8927766e8d301195d324ba1804b3","0x190b591376acc4c65a07293b26b12833037896cc","","0","0.000000000000000001","0.0000000000000000001998178462","0.000846321003108","0.000169110040050931","0.21","","","Transfer"
"0xd46133e8a37683b63b44f27ea75e1a3c518b540d4dfde6d75430a603c0893cb4","73768829","1752061510","2025-07-09 11:45:10","0xfbf09458731c8927766e8d301195d324ba1804b3","0x190b591376acc4c65a07293b26b12833037896cc","","0","0.016","0.00319708553950374","0.000819000003444","0.000163650816741521","0.21","","","Transfer"
"0xc930ce90cc8988bd9d11f66a802217c7c76740fc195c8a6da415b8403345d42c","73768832","1752061518","2025-07-09 11:45:18","0x190b591376acc4c65a07293b26b12833037896cc","0xfbf09458731c8927766e8d301195d324ba1804b3","","0.013900000000000003","0","0.00277746806244388","0.0021","0.000419617477059866","0.21","","","Transfer"
"0x9df948ccef5ba89b7d9cec7bec4f47dab2dfe985c346f839aa9e380908e4e3fa","73768912","1752061688","2025-07-09 11:48:08","0xfbf09458731c8927766e8d301195d324ba1804b3","0x190b591376acc4c65a07293b26b12833037896cc","","0","50.686005954386497684","10.1279685432481","0.000843432262764","0.000168532818177107","0.21","","","Transfer"
"0x984b1cfb785bfb110a63417c704605e6add49d57c8461388645fb08b43a2205c","73768922","1752061708","2025-07-09 11:48:28","0x190b591376acc4c65a07293b26b12833037896cc","0xfbf09458731c8927766e8d301195d324ba1804b3","","50.683905954386497684","0","10.127548925771","0.0021","0.000419617477059866","0.21","","","Transfer"
"0x6a3ae3456943b4d27b24d36b84a8e07e43219496f5efcbd2e76d449d5c05b8ca","73769062","1752062006","2025-07-09 11:53:26","0xfbf09458731c8927766e8d301195d324ba1804b3","0x190b591376acc4c65a07293b26b12833037896cc","","0","50.683062522123733684","10.1273803929529","0.00081900000336","0.000163650816724736","0.21","","","Transfer"
"0xeab35de8cfe2180253d568c6354cdcaa67d27fb2bc5f69ee68b5307ba4ba7af7","73769069","1752062020","2025-07-09 11:53:40","0x190b591376acc4c65a07293b26b12833037896cc","0xfbf09458731c8927766e8d301195d324ba1804b3","","50.680962522123733684","0","10.1269607754758","0.0021","0.000419617477059866","0.21","","","Transfer"
"0xaa06782a6506a06531049afa7699de5bb142ea07abbe8df251531cd241dadef6","73838348","1752242674","2025-07-11 14:04:34","0xfbf09458731c8927766e8d301195d324ba1804b3","0x192a7e192ab30f5a4db516be0a541041b609077a","","0","0.000000000000000001","0.0000000000000000001998178462","0.000974325645342","0.00019468765196816","0.23","","","Transfer"
"0xc26f9f9d5f2911408715206cd6862db272b978dd3a3c4415bbbbf436a56a121b","73838368","1752242750","2025-07-11 14:05:50","0xfbf09458731c8927766e8d301195d324ba1804b3","0x0af8de4356bdbda38424e952711e324c402b9425","","0","0.000000000000000001","0.0000000000000000001998178462","0.0021","0.000419617477059866","0.23","","","Transfer"
"0x1ea1b3a1a26b3f4b269185ea0fdab859c636974641dfc5e33870a54fcb41cce4","73838501","1752243076","2025-07-11 14:11:16","0xfbf09458731c8927766e8d301195d324ba1804b3","0x192a7e192ab30f5a4db516be0a541041b609077a","","0","0.000000000000000001","0.0000000000000000001998178462","0.00092137501281","0.000184107170619683","0.23","","","Transfer"
"0x7f016a032c106f5bfc6dd8edcc9bd53b3b0a482d4399e927018b65782ac15ecb","73838502","1752243080","2025-07-11 14:11:20","0xfbf09458731c8927766e8d301195d324ba1804b3","0x0af8de4356bdbda38424e952711e324c402b9425","","0","0.000000000000000001","0.0000000000000000001998178462","0.0021","0.000419617477059866","0.23","","","Transfer"
"0x09b321779b514fd741c9ae2d8139730fd3dbc8e7275845a70e7bd0ff4a9cdb89","73838542","1752243182","2025-07-11 14:13:02","0xfbf09458731c8927766e8d301195d324ba1804b3","0x192a7e192ab30f5a4db516be0a541041b609077a","","0","0.000000000000000001","0.0000000000000000001998178462","0.001518951030933","0.000303513523513137","0.23","","","Transfer"
"0xf3477ae3ac1471f76084da65b6fe61afc307e95a08f0d495349a3d3ecd6e5230","73838885","1752244008","2025-07-11 14:26:48","0xfbf09458731c8927766e8d301195d324ba1804b3","0x192a7e192ab30f5a4db516be0a541041b609077a","","0","0.016","0.00319708553950374","0.000862822854999","0.000172407404554415","0.23","","","Transfer"
"0x64fa53a0dcf8fdeaab232d5e55b57ee1d6610e4f3c47836fba014ae3c3185819","73838889","1752244016","2025-07-11 14:26:56","0x192a7e192ab30f5a4db516be0a541041b609077a","0xfbf09458731c8927766e8d301195d324ba1804b3","","0.013900000000000003","0","0.00277746806244388","0.0021","0.000419617477059866","0.23","","","Transfer"
"0x4ee2934f1045b4c4e49bdae4b933813a7fad3360072ccb73ba387b7362c2999d","73838969","1752244186","2025-07-11 14:29:46","0xfbf09458731c8927766e8d301195d324ba1804b3","0x192a7e192ab30f5a4db516be0a541041b609077a","","0","50.669566047576289682","10.1246835564773","0.00084000001386","0.000167846993593422","0.23","","","Transfer"
"0x779ecbfb2b62ac50ceba84f2ce955f0d8167af4298050d4b1672f5207e6ea883","73838979","1752244208","2025-07-11 14:30:08","0x192a7e192ab30f5a4db516be0a541041b609077a","0xfbf09458731c8927766e8d301195d324ba1804b3","","50.667466047576289682","0","10.1242639390002","0.0021","0.000419617477059866","0.23","","","Transfer"
"0x6833a7201ee7a0bea51de598ca7696c0e120de43213f0211d17fccbc70f64c28","73839005","1752244262","2025-07-11 14:31:02","0x19204df33b3533d737a0af76417970304709077a","0xfbf09458731c8927766e8d301195d324ba1804b3","","0.000506","0","0.000101107830186806","0.000525000012222","0.00010490437170714","0.23","","","Transfer"
"0xda736eb48ffae8b2e1cd87872e4365455a500af1d8c22f91c44cf960f8a64a74","76635469","1758273622","2025-09-19 09:20:22","0xfbf09458731c8927766e8d301195d324ba1804b3","0x19bbbb2c15ce4c453c613de64d321d3f49507acb","","0","0.000000000000000001","0.0000000000000000001998178462","0.001109745042441","0.000221746864232756","0.25","","","Transfer"
"0x60639fddba89801352c9561912d28dce630d24dd57ef1da99faf5935ab3e4112","76635513","1758273716","2025-09-19 09:21:56","0xfbf09458731c8927766e8d301195d324ba1804b3","0x0af8de4356bdbda38424e952711e324c402b9425","","0","0.000000000000000001","0.0000000000000000001998178462","0.0021","0.000419617477059866","0.25","","","Transfer"
"0xc5f7d28dabdae2d06ebcdb8e33132af82c08ee1a7ee5ce23449c4d183ae6b6b9","76635623","1758273950","2025-09-19 09:25:50","0xfbf09458731c8927766e8d301195d324ba1804b3","0x19bbbb2c15ce4c453c613de64d321d3f49507acb","","0","0.000000000000000001","0.0000000000000000001998178462","0.001173081017052","0.000234402522267706","0.25","","","Transfer"
"0x116ac62e92d5b658dadb27796ace87d4e829b60d14be264457f86655bda4a709","76635628","1758273960","2025-09-19 09:26:00","0xfbf09458731c8927766e8d301195d324ba1804b3","0x0af8de4356bdbda38424e952711e324c402b9425","","0","0.000000000000000001","0.0000000000000000001998178462","0.0021","0.000419617477059866","0.25","","","Transfer"
"0x7f3c4c514fbea4704e2c8c5aa0e391c88e89701c7b617be0b9c743b54d9910be","76635648","1758274004","2025-09-19 09:26:44","0xfbf09458731c8927766e8d301195d324ba1804b3","0x19bbbb2c15ce4c453c613de64d321d3f49507acb","","0","0.000000000000000001","0.0000000000000000001998178462","0.001122574652409","0.000224310449264391","0.25","","","Transfer"
"0x0f6f12a8bc577a1de6bac7b62bcc06f1e78d17f7b3628fd5338834a161036b66","76635986","1758274722","2025-09-19 09:38:42","0xfbf09458731c8927766e8d301195d324ba1804b3","0x19bbbb2c15ce4c453c613de64d321d3f49507acb","","0","0.016","0.00319708553950374","0.001149848619024","0.000229760274531249","0.25","","","Transfer"
"0x0a406fc5744ac8ad24190152b053ab3956c7dbca59139f7be0d8b999ebfbda5b","76636041","1758274838","2025-09-19 09:40:38","0x19bbbb2c15ce4c453c613de64d321d3f49507acb","0xfbf09458731c8927766e8d301195d324ba1804b3","","0.013900000000000003","0","0.00277746806244388","0.0021","0.000419617477059866","0.25","","","Transfer"
"0x625f475ee251b59581003e320b8ff881eb654335c6cf4434a1c01a95bd9e86e0","76636085","1758274932","2025-09-19 09:42:12","0xfbf09458731c8927766e8d301195d324ba1804b3","0x19bbbb2c15ce4c453c613de64d321d3f49507acb","","0","50.65627679823150368","10.1220281272953","0.001134372736812","0.000226667917079308","0.25","","","Transfer"
"0x5dfaf739ae00435446fbdc038094611dbc9ce48b72caec70814646ba9755386b","76636106","1758274976","2025-09-19 09:42:56","0x19bbbb2c15ce4c453c613de64d321d3f49507acb","0xfbf09458731c8927766e8d301195d324ba1804b3","","50.65417679823150368","0","10.1216085098182","0.0021","0.000419617477059866","0.25","","","Transfer"
"0x8cbd8e242f7a75dff97b6b0c96d42ecbce53c7aa351b02018d51ee27a2894007","76636144","1758275058","2025-09-19 09:44:18","0xfbf09458731c8927766e8d301195d324ba1804b3","0x0af8de4356bdbda38424e952711e324c402b9425","","0","50.65304242549469168","10.1213818419012","0.001190982992472","0.000237979656439195","0.25","","","Transfer"
"0xa9b0f8574f84ae9b40f423d7a898f261a030f109401e9a9c408fcfdc95c57207","77408255","1759919782","2025-10-08 10:36:22","0xfbf09458731c8927766e8d301195d324ba1804b3","0x1a184ab9ba29567ef9dbd3a617344326865293a7","","0","0.0001","0.0000199817846218984","0.004007414464935","0.000800752927290114","0.24","","","Transfer"
"0xfe13fb3009bc07e3560bd2662efcf659805e54ed44140be2f0afdcb685cb55fa","77408389","1759920068","2025-10-08 10:41:08","0x0af8de4356bdbda38424e952711e324c402b9425","0xfbf09458731c8927766e8d301195d324ba1804b3","","50.65","0","10.1207739109915","0.0021","0.000419617477059866","0.24","","","Transfer"
