Transaction Hash,Status,Method,BlockNo,DateTime (UTC),From,From_Nametag,To,To_Nametag,Amount,Value (USD),Token
"0x6e48a1433e6a814484467a205799c6741c5c7fa722831fc687200d7bc8f22b8d","Success","Transfer","78282822","2025-10-28 16:54:33","0x966709a1c9412b92ce08afad48c366086a85e1dd","","0x849be2bcd97f48b22df06dd2c4507404afca0483","","61,590.66112577","$0.00","ERC-20: POL(POL)"
"0x8abfc100e5ae3f9aff29ca4e31b51a0571294f5bbb51c3931f88627296fb5496","Success","Transfer","78281020","2025-10-28 15:54:29","0x966709a1c9412b92ce08afad48c366086a85e1dd","","0x849be2bcd97f48b22df06dd2c4507404afca0483","","61,590.66112577","$0.00","ERC-20: POL(POL)"
"0x4785556ab3daf48d210716d686404bc90d2e62cb7580226ea4a2b5fdfb04122f","Success","Transfer","78276188","2025-10-28 13:13:25","0x966709a1c9412b92ce08afad48c366086a85e1dd","","0x849be2bcd97f48b22df06dd2c4507404afca0483","","61,590.66112577","$0.00","ERC-20: POL(POL)"
"0x53a86e4a40a2ce0aef24e36a2e767342c3b6d4cae5e870f9a6a97aeb40fed8ce","Success","Transfer","78271097","2025-10-28 10:23:43","0x966709a1c9412b92ce08afad48c366086a85e1dd","","0x849be2bcd97f48b22df06dd2c4507404afca0483","","61,590.66112577","$0.00","ERC-20: POL(POL)"
"0x5f43046643a8ca5f45b45f8dc7feb50b3ef489b0fd93c52c95ebe2d3b0d9ab6b","Success","Transfer","78267109","2025-10-28 08:10:47","0x966709a1c9412b92ce08afad48c366086a85e1dd","","0x849be2bcd97f48b22df06dd2c4507404afca0483","","61,590.66112577","$0.00","ERC-20: POL(POL)"
"0x6b9fe6abd13166beb2dfe259316656f997898969d92fe247513a633554f5dcbf","Success","Transfer","78264902","2025-10-28 06:57:11","0x966709a1c9412b92ce08afad48c366086a85e1dd","","0x849bb0b16081e42a13320b09c1fe5a8f82fb0483","","9,808.990864","$0.00","ERC-20: UЅD Соіn(UЅDС)"
"0x9fda5fe5b14950541cc7a0fe174e784fb2558157f2b248a0999d744b8f6d8a5d","Success","Transfer","78264067","2025-10-28 06:29:21","0x966709a1c9412b92ce08afad48c366086a85e1dd","","0x849bb0b16081e42a13320b09c1fe5a8f82fb0483","","308,184.838012","$0.00","ERC-20: UЅD Соіn(UЅDС)"
"0x4d9b519144001fe76428d571f2146a96d86b75b932d5c152b924fd38b02181ce","Success","Transfer","78263708","2025-10-28 06:17:23","0x966709a1c9412b92ce08afad48c366086a85e1dd","","0x849be2bcd97f48b22df06dd2c4507404afca0483","","61,590.66112577","$0.00","ERC-20: POL(POL)"
"0x6c14220f821df51019fcf6343a759340a3e6fe07a1c71a915e0a293af0368b90","Success","Transfer","78263035","2025-10-28 05:54:57","0x966709a1c9412b92ce08afad48c366086a85e1dd","","0x849bb0b16081e42a13320b09c1fe5a8f82fb0483","","78,623.124179","$0.00","ERC-20: UЅD Соіn(UЅDС)"
"0x0be6dee3147e9fffcb7a38673b18da86285682bcdfbcecf6cfdd4b41deb01679","Success","Transfer","78261187","2025-10-28 04:53:21","0x966709a1c9412b92ce08afad48c366086a85e1dd","","0xd9ebbc176fc5e892105f7ab8140224bc24429b5c","","120,178.925516","$0.00","ERC-20: UЅD Соіn(UЅDС)"
"0x29d5727b869f0194d846ef834802639cdcf1d558b5fc00e4378aab632e6f336a","Success","Transfer","78259742","2025-10-28 04:05:11","0x966709a1c9412b92ce08afad48c366086a85e1dd","","0x849be2bcd97f48b22df06dd2c4507404afca0483","","61,590.66112577","$0.00","ERC-20: POL(POL)"
"0xd550554522ccd2b6eb466673c1d5c10e9d62686663c83a22e7acd3d1e9921bc7","Success","Transfer","78258609","2025-10-28 03:27:25","0x966709a1c9412b92ce08afad48c366086a85e1dd","","0xc5fd2ec36389cb1d54f5c63aeca397782a031b5b","","518,620.96566","$0.00","ERC-20: UЅD Соіn(UЅDС)"
"0x64cce27df65ec2fe06d30df682c5ca5bdd09d5375ba9f808484a77ba6649c586","Success","Transfer","78257318","2025-10-28 02:44:23","0x966709a1c9412b92ce08afad48c366086a85e1dd","","0xd9ebbc176fc5e892105f7ab8140224bc24429b5c","","135,822.100907","$0.00","ERC-20: UЅD Соіn(UЅDС)"
"0x04ef859cd409ee6a1685b1b107a6a5663d91912a2c1ab3a19ff5ed2dfe62dd65","Success","Transfer","78254866","2025-10-28 01:22:39","0x966709a1c9412b92ce08afad48c366086a85e1dd","","0x849bb0b16081e42a13320b09c1fe5a8f82fb0483","","8,289.323364","$0.00","ERC-20: UЅD Соіn(UЅDС)"
"0x20a110c7f171fe98460fb1531d46e1f834013440b4adbbe25f0cc04f0e97c286","Success","Transfer","78254397","2025-10-28 01:07:01","0x966709a1c9412b92ce08afad48c366086a85e1dd","","0x849be2bcd97f48b22df06dd2c4507404afca0483","","61,590.66112577","$0.00","ERC-20: POL(POL)"
"0x8f159b82cb8de649ceaaccdc6a3d2666d9b9871f26b3f81daad58dc6dfbf4072","Success","Transfer","78250800","2025-10-27 23:07:07","0x966709a1c9412b92ce08afad48c366086a85e1dd","","0xf98ed31bf4d4c747cc7c96c38cb65f7eda400840","","195,000","$0.00","ERC-20: UЅD Соіn(UЅDС)"
"0xa7e14c7dad881d093bd49b9448b822b914ae73f696c433b6656b2ec967524ec9","Success","Transfer","78248537","2025-10-27 21:51:41","0x966709a1c9412b92ce08afad48c366086a85e1dd","","0x849be2bcd97f48b22df06dd2c4507404afca0483","","61,590.66112577","$0.00","ERC-20: POL(POL)"
"0x462b36db86a1821d42d0a2cf3ee32fe33230c9a30000314e401e07507e028d11","Success","Transfer","78247629","2025-10-27 21:21:25","0x966709a1c9412b92ce08afad48c366086a85e1dd","","0x849bb0b16081e42a13320b09c1fe5a8f82fb0483","","38,249.617964","$0.00","ERC-20: UЅD Соіn(UЅDС)"
"0xaef69727ad8a0a81b7357ab29e039537bb7f49050d9ba6858936460f4510cb64","Success","Transfer","78244643","2025-10-27 19:41:53","0x966709a1c9412b92ce08afad48c366086a85e1dd","","0xd9ebbc176fc5e892105f7ab8140224bc24429b5c","","80,696.77597","$0.00","ERC-20: UЅD Соіn(UЅDС)"
"0x9279b238bb080c278c0ddc4082928327e5e0498f48bf451c60472b4858918a81","Success","Transfer","78240660","2025-10-27 17:29:07","0x966709a1c9412b92ce08afad48c366086a85e1dd","","0xc5fd2ec36389cb1d54f5c63aeca397782a031b5b","","210,637.757834","$0.00","ERC-20: UЅD Соіn(UЅDС)"
"0xade0f89b60451e0520200e1454a85f7c541e4d34868ee44580b164bbcefecdd2","Success","Transfer","78234970","2025-10-27 14:19:27","0x966709a1c9412b92ce08afad48c366086a85e1dd","","0x849bb0b16081e42a13320b09c1fe5a8f82fb0483","","55,600.885092","$0.00","ERC-20: UЅD Соіn(UЅDС)"
"0x1e26f0400a4750eb1b379c5eb2630886e76c516cf3cf8f2d0bd19497ddec6f64","Success","Transfer","78233903","2025-10-27 13:43:53","0x966709a1c9412b92ce08afad48c366086a85e1dd","","0xc5fd2ec36389cb1d54f5c63aeca397782a031b5b","","5,370.875821","$0.00","ERC-20: UЅD Соіn(UЅDС)"
"0x0dd0ff14ae4a2137c382626639bed6e5a26b0be69b3e5a176a211dc679715ce6","Success","Transfer","78228005","2025-10-27 10:27:17","0x966709a1c9412b92ce08afad48c366086a85e1dd","","0xd9ebbc176fc5e892105f7ab8140224bc24429b5c","","32,043.44318","$0.00","ERC-20: UЅD Соіn(UЅDС)"
"0x35bf3dc0025a2915d194c3beb166513d882aa8d6d1bf1d082bef811fb7a507b6","Success","Airdrop","78226917","2025-10-27 09:51:01","0xdf2140dee6b07ae495382bc1cd446f7b328f63e3","Polygon BabyDoge: PolyBabyDoge Token","0x966709a1c9412b92ce08afad48c366086a85e1dd","","2,398","$0.00","ERC-20: ✅BabyDoge PAWS Distribution(PAWS | t.me/s/BD_PAWS | claim yours)"
"0x800719daa2c8dcdac7ff63a32a30ca209e32480952b0d83d7896da6a79a1a895","Success","Transfer","77948673","2025-10-20 23:14:57","0x966709a1c9412b92ce08afad48c366086a85e1dd","","0xd9ebbc176fc5e892105f7ab8140224bc24429b5c","","73,156.76392069","$0.00","ERC-20: ERC20(ERC20)"
"0x82b3360d5e885e2026396deeec1083246c1f2d45da80560962c9aec007ba8395","Success","Transfer","77945240","2025-10-20 21:20:31","0x966709a1c9412b92ce08afad48c366086a85e1dd","","0x091d3daa0050c37e8fc33cdec0b7d6b2bbc18336","","8.65079135","$0.00","ERC-20: EТH(EТH)"
"0xd1ee605d4b81524f0f7aefea01df8a91bc1ad3c1306909da731340b8c3a5ed5c","Success","Rewards","77943609","2025-10-20 20:26:09","0xfe9e8709d3215310075d67e3ed32a380ccf451c8","Binance 5","0x966709a1c9412b92ce08afad48c366086a85e1dd","","28,700","$0.00","ERC-20: ASTER Token(Stage 3 Claim Now ( astrardex.xyz ))"
"0x936fbe1794be16215e694594213a68953dcd33d1f4afb4098c288631ccd64597","Success","Transfer","77938556","2025-10-20 17:37:43","0x966709a1c9412b92ce08afad48c366086a85e1dd","","0x849bb0b16081e42a13320b09c1fe5a8f82fb0483","","1,547.277015","$0.00","ERC-20: ERC20(ERC20)"
"0x962323db090d14f6909944662f30e078036a9332618bffe80a9c2fe00828156d","Success","Transfer","77934177","2025-10-20 15:11:45","0x966709a1c9412b92ce08afad48c366086a85e1dd","","0x091d3daa0050c37e8fc33cdec0b7d6b2bbc18336","","392.493605","$0.00","ERC-20: ERC20(ERC20)"
"0x45f72feb9604d253fe4dbacb9dcb50e3d243475afaecd1ee1fa941f9d37b8cc0","Success","Transfer","77930944","2025-10-20 13:23:59","0x966709a1c9412b92ce08afad48c366086a85e1dd","","0x091d3daa0050c37e8fc33cdec0b7d6b2bbc18336","","18.10168888","$0.00","ERC-20: ERC20(ERC20)"
"0x6b887f4c18374a2b7c88735d1d83f627f87fb1d6e46f2a991fcdce6f0c1c59b1","Success","Transfer","77926904","2025-10-20 11:09:19","0x966709a1c9412b92ce08afad48c366086a85e1dd","","0xd9ebbc176fc5e892105f7ab8140224bc24429b5c","","122,345.40549998","$0.00","ERC-20: ERC20(ERC20)"
"0x892893ea2ce5d39efbc04a91cc4b538e73088c99f5ab3e4ad2a7aae7a798a85a","Success","Transfer","77923578","2025-10-20 09:18:25","0x966709a1c9412b92ce08afad48c366086a85e1dd","","0xd9ebbc176fc5e892105f7ab8140224bc24429b5c","","1,996.62977259","$0.00","ERC-20: ERC20(ERC20)"
"0x819f6a101a061aeb7a41d1f5a6b7942258b87cc54d5a3e0654df98f405e80ba2","Success","Transfer","77920658","2025-10-20 07:41:05","0x966709a1c9412b92ce08afad48c366086a85e1dd","","0xc5fd2ec36389cb1d54f5c63aeca397782a031b5b","","4.76627412","$0.00","ERC-20: EТH(EТH)"
"0xa82648f5da98ca8b26b7025321d377255d1e4378eda7e532d2e2d3fe68738a3c","Success","Transfer","77914016","2025-10-20 03:59:41","0x966709a1c9412b92ce08afad48c366086a85e1dd","","0x849bb0b16081e42a13320b09c1fe5a8f82fb0483","","1,686.43980633","$0.00","ERC-20: ERC20(ERC20)"
"0x5c980a3e87f0bca2cfcf5eb91b3588b1dd4493d26596ae3151d6116b8ee4b980","Success","Transfer","77909856","2025-10-20 01:41:01","0x966709a1c9412b92ce08afad48c366086a85e1dd","","0x9a71d8123f5245e44f32dc63ee3cf848ebf5cd1b","","6.31927023","$0.00","ERC-20: EТH(EТH)"
"0xd1bfb363e3dcb9740c4d172e5863f5198cbfbe98e36eef57e22c46f1c42ad97a","Success","Transfer","77908142","2025-10-20 00:43:53","0x966709a1c9412b92ce08afad48c366086a85e1dd","","0xb02d5a4aa7d80ad3ab652988202d358d35ff433b","","0.001","$0.00","ERC-20: EТH(EТH)"
"0xf2b7299c0dbaa6f1e466290e3983d26703885fe7b1ff1b721705a102e5f8603c","Success","Transfer","77823304","2025-10-18 01:35:40","0x966709a1c9412b92ce08afad48c366086a85e1dd","","0xc5fd2ec36389cb1d54f5c63aeca397782a031b5b","","7,000","$0.00","ERC-20: ERC20(ERC20)"
"0xe69293c3218a32d880a4cfe1edd78ae554f58d900bb9d4d2365d6b96100e49e5","Success","Rewards","77758812","2025-10-16 13:45:45","0xb973c236f2bc5241e1a26990faec0ae87ec48e2b","Uniswap v3: KEKIUS/USDT Pool","0x966709a1c9412b92ce08afad48c366086a85e1dd","","4,000","$0.00","ERC-20: KEKIUS(CLAIM YOUR AIRDROP ( MXKEKIUS.XYZ ))"
"0x55cd844255a145f6055cd35b87bff1a36501268e91c865308e864fbb00f731dd","Success","Rewards","77758809","2025-10-16 13:45:39","0xb973c236f2bc5241e1a26990faec0ae87ec48e2b","Uniswap v3: KEKIUS/USDT Pool","0x966709a1c9412b92ce08afad48c366086a85e1dd","","4,000","$0.00","ERC-20: KEKIUS(CLAIM YOUR AIRDROP ( MXKEKIUS.XYZ ))"
"0x2f948735982bc0817b5860f5ce532f8824181df7aba43e4a5afb8c9af46f7913","Success","Transfer","77450463","2025-10-09 10:24:31","0x966709a1c9412b92ce08afad48c366086a85e1dd","","0xff20fb036ac1d52f8645ef1b51fe797b301407d6","","124.49402515","$0.00","ERC-20: ERC20(ERC20)"
"0x080f929a6086c370f63ef65c72e21e4745c5d102288aad015b6d45d0843f3958","Success","Transfer","77444075","2025-10-09 06:51:35","0x966709a1c9412b92ce08afad48c366086a85e1dd","","0xff20fb036ac1d52f8645ef1b51fe797b301407d6","","8.16135434","$0.00","ERC-20: EТH(EТH)"
"0xea6bc6e27d44ce63f5291f8b409d408b16a73ec384b1693bfcf6c023830497f6","Success","Transfer","77437916","2025-10-09 03:24:58","0x966709a1c9412b92ce08afad48c366086a85e1dd","","0xff20fb036ac1d52f8645ef1b51fe797b301407d6","","3.29168515","$0.00","ERC-20: EТH(EТH)"
"0xd8022ca2401a5dfd65794457dabe5d7ade4c530bdf5c27311388d299bb0d5d95","Success","Transfer","77434527","2025-10-09 01:32:00","0x966709a1c9412b92ce08afad48c366086a85e1dd","","0x849bb0b16081e42a13320b09c1fe5a8f82fb0483","","14,872.04046858","$0.00","ERC-20: ERC20(ERC20)"
"0xb8fa7c088e8f353f11abc00403e7da040629e135e9566cd3eab1a085275597d7","Success","Transfer","77431778","2025-10-09 00:00:01","0x966709a1c9412b92ce08afad48c366086a85e1dd","","0x091d3daa0050c37e8fc33cdec0b7d6b2bbc18336","","0.2996","$0.00","ERC-20: ERC20(ERC20)"
"0x4aba25fb32e981ab2a08f0a04b586afdfe6708f891617acb502d6c9286cbcfac","Success","Transfer","77365888","2025-10-07 09:31:32","0x966709a1c9412b92ce08afad48c366086a85e1dd","","0x849bb0b16081e42a13320b09c1fe5a8f82fb0483","","3,558.403364","$0.00","ERC-20: ERC20(ERC20)"
"0xc79d94bca6d76363bbcb3a0682739f6dd3ee3c7b3ac1f3884090e1c50e67534a","Success","Transfer","77364575","2025-10-07 08:45:00","0x966709a1c9412b92ce08afad48c366086a85e1dd","","0x849bb0b16081e42a13320b09c1fe5a8f82fb0483","","364.70010305","$0.00","ERC-20: ERC20(ERC20)"
"0x5d8b8a0889e54324237c372b07dc17e4fe179604c946e1d65954db2be5074b56","Success","Transfer","77339243","2025-10-06 17:46:46","0x966709a1c9412b92ce08afad48c366086a85e1dd","","0x849bb0b16081e42a13320b09c1fe5a8f82fb0483","","4,520.46757446","$0.00","ERC-20: ERC20(ERC20)"
"0x2b1ebd348e1c31d8ca0cd74bfa525051c63539db63d06bd325bbdaea41429888","Success","Transfer","77283028","2025-10-05 08:34:27","0x966709a1c9412b92ce08afad48c366086a85e1dd","","0x849b0644df6738ccd63b0ea9a51a723ec6cb0483","","55,928.65341985","$0.00","ERC-20: POL(POL)"
"0xab65e5d1e35eda58ca3ef2c5c46fee11e0b8c872339ef1e8db369f233f140418","Success","Transfer","77282445","2025-10-05 08:13:39","0x966709a1c9412b92ce08afad48c366086a85e1dd","","0x849b0644df6738ccd63b0ea9a51a723ec6cb0483","","55,928.65341985","$0.00","ERC-20: POL(POL)"
"0x7c2af7fd9aefa4b2314195f817e9e9b06bbc9a3d77ccfaf71fbcf10261e6428e","Success","Transfer","77281853","2025-10-05 07:52:39","0x966709a1c9412b92ce08afad48c366086a85e1dd","","0x849b0644df6738ccd63b0ea9a51a723ec6cb0483","","55,928.65341985","$0.00","ERC-20: POL(POL)"
"0xdfebc70461b04a387d542e38a9c6784cd59426a1ccca6788d97c66b930a30658","Success","Transfer","77181769","2025-10-02 20:43:03","0x966709a1c9412b92ce08afad48c366086a85e1dd","","0x849b0644df6738ccd63b0ea9a51a723ec6cb0483","","55,928.65341985","$0.00","ERC-20: POL(POL)"
"0xb539265b8fb09df88c6d06429465adf2e802fac7ef62aa7e11372ffdbc81e955","Success","Transfer","77181158","2025-10-02 20:21:25","0x966709a1c9412b92ce08afad48c366086a85e1dd","","0x849b0644df6738ccd63b0ea9a51a723ec6cb0483","","55,928.65341985","$0.00","ERC-20: POL(POL)"
"0xd2f4d9fbfa16e1321fc7d62344ea435d21f3cd286e6a64245040ad727fe32de2","Success","Transfer","77180626","2025-10-02 20:02:35","0x966709a1c9412b92ce08afad48c366086a85e1dd","","0xff20fb036ac1d52f8645ef1b51fe797b301407d6","","8.07677425","$0.00","ERC-20: EТH(EТH)"
"0x5c5acf55b4b13d1a47f53d2162a63b47fcfec8b841b26c3de77330bedb44b8e3","Success","Transfer","77151169","2025-10-02 02:39:15","0x966709a1c9412b92ce08afad48c366086a85e1dd","","0x849b0644df6738ccd63b0ea9a51a723ec6cb0483","","55,928.65341985","$0.00","ERC-20: POL(POL)"
"0x346af4bcaf4f238a4d9285ff396cc9d82b7e3e1636fb797336f0f33736a771a4","Success","Transfer","77149396","2025-10-02 01:36:27","0x966709a1c9412b92ce08afad48c366086a85e1dd","","0x849b0644df6738ccd63b0ea9a51a723ec6cb0483","","55,928.65341985","$0.00","ERC-20: POL(POL)"
"0x804ad370192e21edadcff00acaff381c09dd2f4890377762bb8162829d484fdb","Success","Transfer","77148762","2025-10-02 01:13:59","0x966709a1c9412b92ce08afad48c366086a85e1dd","","0x849b0644df6738ccd63b0ea9a51a723ec6cb0483","","55,928.65341985","$0.00","ERC-20: POL(POL)"
"0x24b9e165d01a1ed8c45d1cf2b72614a5f44ab60cbaea5030184a17cc338c81d3","Success","Transfer","77141851","2025-10-01 21:08:59","0x966709a1c9412b92ce08afad48c366086a85e1dd","","0x849bb0b16081e42a13320b09c1fe5a8f82fb0483","","744.831656","$0.00","ERC-20: ERC20(ERC20)"
"0xa22cd7b9a1e7739a3f8290c2dc82f8ada83de36016395850f2763aef29e3515c","Success","Transfer","77141296","2025-10-01 20:49:21","0x966709a1c9412b92ce08afad48c366086a85e1dd","","0xff20fb036ac1d52f8645ef1b51fe797b301407d6","","2.68054041","$0.00","ERC-20: EТH(EТH)"
"0xe4672b92757fdcce064ab001b953ffa506640e7e5782b8dfa1c5a3af45a8881b","Success","Transfer","77140851","2025-10-01 20:33:35","0x966709a1c9412b92ce08afad48c366086a85e1dd","","0x849bb0b16081e42a13320b09c1fe5a8f82fb0483","","16.22747347","$0.00","ERC-20: ERC20(ERC20)"
"0x83deed996e428650809f67f83788dadf7dfe8b5939eccdd8c25f088face6e4dc","Success","Transfer","77132903","2025-10-01 15:51:53","0x966709a1c9412b92ce08afad48c366086a85e1dd","","0x849bb0b16081e42a13320b09c1fe5a8f82fb0483","","680.808323","$0.00","ERC-20: ERC20(ERC20)"
"0xa4890f9d816d9e439c86a2f4c53a31640617a71790e230786a8b4fb1d791c4b6","Success","Transfer","77122688","2025-10-01 09:50:05","0x966709a1c9412b92ce08afad48c366086a85e1dd","","0x849bb0b16081e42a13320b09c1fe5a8f82fb0483","","2,016.56622575","$0.00","ERC-20: ERC20(ERC20)"
"0x281cafebadbba0635edd4ded8c77cfd7958f98230c0fcafa2ce88dae103adc6c","Success","Transfer","77118580","2025-10-01 07:24:31","0x966709a1c9412b92ce08afad48c366086a85e1dd","","0x9a71d8123f5245e44f32dc63ee3cf848ebf5cd1b","","6.53255926","$0.00","ERC-20: EТH(EТH)"
"0x111e6319fb211c3e6bd58a68f01e8102e480fd1d55ed2041bb18bfa09bc5e3aa","Success","Transfer","77104134","2025-09-30 22:52:45","0x966709a1c9412b92ce08afad48c366086a85e1dd","","0xd9ebbc176fc5e892105f7ab8140224bc24429b5c","","120,585.83372934","$0.00","ERC-20: ERC20(ERC20)"
"0xe8c6d66a5f12b5a5bda3d73b0d7e0075a9b918a28f609d04620c91bdc4e1a8af","Success","Transfer","76935917","2025-09-26 19:21:21","0x966709a1c9412b92ce08afad48c366086a85e1dd","","0x849bb0b16081e42a13320b09c1fe5a8f82fb0483","","29.44532616","$0.00","ERC-20: ERC20(ERC20)"
"0x293f048f6c1d20552bf9f2cf092d4fd222ae1d21937260e83b7ba245ee048f7e","Success","Transfer","76935905","2025-09-26 19:20:57","0x966709a1c9412b92ce08afad48c366086a85e1dd","","0x849bb0b16081e42a13320b09c1fe5a8f82fb0483","","224.75432621","$0.00","ERC-20: ERC20(ERC20)"
"0xd1433aae7bbaef21935f26e171ddd53a8f43580c5861da238285c97c314ae119","Success","Transfer","76934922","2025-09-26 18:46:07","0x966709a1c9412b92ce08afad48c366086a85e1dd","","0x849b0644df6738ccd63b0ea9a51a723ec6cb0483","","55,928.65341985","$0.00","ERC-20: POL(POL)"
"0x5a648cea2748170681300bccc9da48a8602e14751189da314c77371180bbff94","Success","Transfer","76934336","2025-09-26 18:25:23","0x966709a1c9412b92ce08afad48c366086a85e1dd","","0x849b0644df6738ccd63b0ea9a51a723ec6cb0483","","55,928.65341985","$0.00","ERC-20: POL(POL)"
"0xb435c7dccddda6e47bdb2352286291d26df50edd03600ca08dd93fb65d573516","Success","Transfer","76933825","2025-09-26 18:07:17","0x966709a1c9412b92ce08afad48c366086a85e1dd","","0x849b0644df6738ccd63b0ea9a51a723ec6cb0483","","55,928.65341985","$0.00","ERC-20: POL(POL)"
"0x28d50099bba85fc77980c34746b84f02cd5274e319e994acda7e2bd576215d5b","Success","Transfer","76933114","2025-09-26 17:42:05","0x966709a1c9412b92ce08afad48c366086a85e1dd","","0x849b0644df6738ccd63b0ea9a51a723ec6cb0483","","55,928.65341985","$0.00","ERC-20: POL(POL)"
"0xfef6f52e59e0fc8350fbb10529e9bd310e51f2d3cf0a868e99fe3f82dd242b84","Success","Transfer","76908737","2025-09-26 03:18:07","0x966709a1c9412b92ce08afad48c366086a85e1dd","","0x849b0644df6738ccd63b0ea9a51a723ec6cb0483","","55,928.65341985","$0.00","ERC-20: POL(POL)"
"0xa0e3a2876a37f62df757936e025d55b1efc6dd491cde480fc7ec7e78e36b8026","Success","Transfer","76908618","2025-09-26 03:13:53","0x966709a1c9412b92ce08afad48c366086a85e1dd","","0x849b0644df6738ccd63b0ea9a51a723ec6cb0483","","55,928.65341985","$0.00","ERC-20: POL(POL)"
"0x563ab1c631b66d41c4c7f22701652dad2b8835436ae0e417166767a68dfe61bb","Success","Transfer","76908458","2025-09-26 03:07:41","0x966709a1c9412b92ce08afad48c366086a85e1dd","","0x849b0644df6738ccd63b0ea9a51a723ec6cb0483","","55,928.65341985","$0.00","ERC-20: POL(POL)"
"0x5e59837dcc97491935de9a4f87062345e7e5e69d6cca67dc390170bd69ee413b","Success","Transfer","76907706","2025-09-26 02:41:03","0x966709a1c9412b92ce08afad48c366086a85e1dd","","0x849b0644df6738ccd63b0ea9a51a723ec6cb0483","","55,928.65341985","$0.00","ERC-20: POL(POL)"
"0x0500d61e07b9becffdc75438f9511abfc914f8b9ea4db96ab4f58885de82133d","Success","Transfer","76907057","2025-09-26 02:17:33","0x966709a1c9412b92ce08afad48c366086a85e1dd","","0x849b0644df6738ccd63b0ea9a51a723ec6cb0483","","55,928.65341985","$0.00","ERC-20: POL(POL)"
"0x8369b10027d4dbd31bbdcbe2f2e61aedebdcec1eb2eaf7fe450416b54ba8842e","Success","Transfer","76860386","2025-09-24 22:23:59","0x966709a1c9412b92ce08afad48c366086a85e1dd","","0x849b0644df6738ccd63b0ea9a51a723ec6cb0483","","55,928.65341985","$0.00","ERC-20: POL(POL)"
"0x3115d898a43d812202a0a445ae8ac8dd778e4b7aa57afaa30b8a4724511bc2ec","Success","Transfer","76860164","2025-09-24 22:15:55","0x966709a1c9412b92ce08afad48c366086a85e1dd","","0x849b0644df6738ccd63b0ea9a51a723ec6cb0483","","55,928.65341985","$0.00","ERC-20: POL(POL)"
"0x5787435b47a2cec1a967b71982731b7a5596ce46ba0ac11991a28c47b7480544","Success","Transfer","76859988","2025-09-24 22:09:39","0x966709a1c9412b92ce08afad48c366086a85e1dd","","0x849b0644df6738ccd63b0ea9a51a723ec6cb0483","","55,928.65341985","$0.00","ERC-20: POL(POL)"
"0xb39999d774d6b6dc4afb34b3e9391ec7b447845a14273b85f89ceb828753cf76","Success","Transfer","76859802","2025-09-24 22:02:31","0x966709a1c9412b92ce08afad48c366086a85e1dd","","0x849b0644df6738ccd63b0ea9a51a723ec6cb0483","","55,928.65341985","$0.00","ERC-20: POL(POL)"
"0xa397f65c87a2fb7eb46a29ab4eb460764ee26cda882b052116830d045d30d76f","Success","Transfer","76859654","2025-09-24 21:57:17","0x966709a1c9412b92ce08afad48c366086a85e1dd","","0x849b0644df6738ccd63b0ea9a51a723ec6cb0483","","55,928.65341985","$0.00","ERC-20: POL(POL)"
"0xf57b02fb3b101b7f1f62a4387ce403d377f9e0014f65dfe23cf69552b45d5e91","Success","Transfer","76859100","2025-09-24 21:37:39","0x966709a1c9412b92ce08afad48c366086a85e1dd","","0x849bb0b16081e42a13320b09c1fe5a8f82fb0483","","103.296571","$0.00","ERC-20: ERC20(ERC20)"
"0x5bf5bc4d5d0692d8786feedb53a8f08c1f69361508029996d45b119445ddb5e1","Success","Transfer","76828731","2025-09-24 03:36:41","0x966709a1c9412b92ce08afad48c366086a85e1dd","","0x849b0644df6738ccd63b0ea9a51a723ec6cb0483","","55,928.65341985","$0.00","ERC-20: POL(POL)"
"0x3ff727d5706c0625ea99f518d17ccf808487de6cf619dd9115eceb550b3c499a","Success","Transfer","76828310","2025-09-24 03:21:47","0x966709a1c9412b92ce08afad48c366086a85e1dd","","0x849b0644df6738ccd63b0ea9a51a723ec6cb0483","","55,928.65341985","$0.00","ERC-20: POL(POL)"
"0x506a87d055293d8378850c856a85e15e13a7400e1f33b11430026a0a33653124","Success","Transfer","76824578","2025-09-24 01:09:15","0x966709a1c9412b92ce08afad48c366086a85e1dd","","0x849b0644df6738ccd63b0ea9a51a723ec6cb0483","","55,928.65341985","$0.00","ERC-20: POL(POL)"
"0x3d01c11047605f156f3fcca5e010166da4d88159baa215801946aa3aed395b75","Success","Transfer","76820603","2025-09-23 22:47:41","0x966709a1c9412b92ce08afad48c366086a85e1dd","","0x849b0644df6738ccd63b0ea9a51a723ec6cb0483","","55,928.65341985","$0.00","ERC-20: POL(POL)"
"0x8b212c4e0176268a0fafc90b4c9b27db4d4a68e532fbd932a0ac201dcb40585f","Success","Transfer","76816321","2025-09-23 20:15:29","0x966709a1c9412b92ce08afad48c366086a85e1dd","","0x849b0644df6738ccd63b0ea9a51a723ec6cb0483","","55,928.65341985","$0.00","ERC-20: POL(POL)"
"0x37051b5885627bc98fcab11c315f191fb9eea13187d5f3b846b2f73b27e39717","Success","Transfer","76798866","2025-09-23 09:56:54","0x966709a1c9412b92ce08afad48c366086a85e1dd","","0x849b0644df6738ccd63b0ea9a51a723ec6cb0483","","55,928.65341985","$0.00","ERC-20: POL(POL)"
"0x76c760d704eefd587d5f9511448d8ae8913e44f4e57c0395bc49ed649439a2d9","Success","Transfer","76798247","2025-09-23 09:34:58","0x966709a1c9412b92ce08afad48c366086a85e1dd","","0x849be2bcd97f48b22df06dd2c4507404afca0483","","55,928.65341985","$0.00","ERC-20: POL(POL)"
"0xd60264a7b655c009f78db4e18a678d6ffaba8ea93c04d7d79276078b1326a590","Success","Transfer","76790691","2025-09-23 05:07:22","0x966709a1c9412b92ce08afad48c366086a85e1dd","","0x849b0644df6738ccd63b0ea9a51a723ec6cb0483","","55,928.65341985","$0.00","ERC-20: POL(POL)"
"0x3149eb1953420f720cfbb1a5d8671b24b7545c3d06351ff457caf41485e35db9","Success","Transfer","76790397","2025-09-23 04:56:56","0x966709a1c9412b92ce08afad48c366086a85e1dd","","0x849be2bcd97f48b22df06dd2c4507404afca0483","","55,928.65341985","$0.00","ERC-20: POL(POL)"
"0x3074cc04907a4049956fa0eb14edaadda9335e3a2c1cfdc712c4f197a05844d1","Success","Transfer","76784201","2025-09-23 01:17:30","0x966709a1c9412b92ce08afad48c366086a85e1dd","","0x849b0644df6738ccd63b0ea9a51a723ec6cb0483","","55,928.65341985","$0.00","ERC-20: POL(POL)"
"0xcb3e7552d77696f1d0bfda4cda065d6263d931b4d99988a9c4632f3fb91f425e","Success","Transfer","76783731","2025-09-23 01:00:52","0x966709a1c9412b92ce08afad48c366086a85e1dd","","0x849be2bcd97f48b22df06dd2c4507404afca0483","","55,928.65341985","$0.00","ERC-20: POL(POL)"
"0xc2c5735707a99c105a6abd14cbaf55a8f8a6e0cce5ea1f4ce592364436b941ab","Success","Transfer","76778629","2025-09-22 22:00:10","0x966709a1c9412b92ce08afad48c366086a85e1dd","","0x849b0644df6738ccd63b0ea9a51a723ec6cb0483","","55,928.65341985","$0.00","ERC-20: POL(POL)"
"0xd707003d3329f5d2d28b216b6bf94a9fa5c495a950a25cea8e22ad14ba21b523","Success","Transfer","76778365","2025-09-22 21:50:48","0x966709a1c9412b92ce08afad48c366086a85e1dd","","0x849be2bcd97f48b22df06dd2c4507404afca0483","","55,928.65341985","$0.00","ERC-20: POL(POL)"
"0x9cd672e9c09e309c8cd15483a4ce1b3c94e19eae9bb871f896cd1cdaca4dcb6c","Success","Transfer","76774311","2025-09-22 19:27:10","0x966709a1c9412b92ce08afad48c366086a85e1dd","","0x849bb0b16081e42a13320b09c1fe5a8f82fb0483","","437.90137236","$0.00","ERC-20: ERC20(ERC20)"
"0x7ab2ce6039ab2ceec1e1943df5a4f889660021e4dcbbcbfcdf2a7e063be1494f","Success","Transfer","76774299","2025-09-22 19:26:44","0x966709a1c9412b92ce08afad48c366086a85e1dd","","0xff20fb036ac1d52f8645ef1b51fe797b301407d6","","153.43961257","$0.00","ERC-20: ERC20(ERC20)"
"0x5063bea90030626208151c8a67d81ec91f6558d462793dfc4db6492a6aa6e976","Success","Transfer","76774286","2025-09-22 19:26:16","0x966709a1c9412b92ce08afad48c366086a85e1dd","","0x849bb0b16081e42a13320b09c1fe5a8f82fb0483","","1,387.867623","$0.00","ERC-20: ERC20(ERC20)"
"0x83c0d33df3f245d37b1caf8644e2d52efc5cd873c106b635ca6fbba50a290b63","Success","Transfer","76774273","2025-09-22 19:25:50","0x966709a1c9412b92ce08afad48c366086a85e1dd","","0x849bb0b16081e42a13320b09c1fe5a8f82fb0483","","2,874.35835802","$0.00","ERC-20: ERC20(ERC20)"
"0x5cde84e2b6da5492247440dee189534e830d7302a4edbbd615227b15e674382a","Success","Transfer","76774258","2025-09-22 19:25:18","0x966709a1c9412b92ce08afad48c366086a85e1dd","","0x849bb0b16081e42a13320b09c1fe5a8f82fb0483","","726.93759674","$0.00","ERC-20: ERC20(ERC20)"
"0x337ade3f073a67227743a1003285b39e5031f9db95de25be94fd8918574fd9ea","Success","Transfer","76766022","2025-09-22 14:33:04","0x966709a1c9412b92ce08afad48c366086a85e1dd","","0x849be2bcd97f48b22df06dd2c4507404afca0483","","55,928.65341985","$0.00","ERC-20: POL(POL)"
"0x863460a2aa5a2593c3d727b65f0268f94e6a71080081a3527e7df615b650d705","Success","Transfer","76760225","2025-09-22 11:06:10","0x966709a1c9412b92ce08afad48c366086a85e1dd","","0x849b0644df6738ccd63b0ea9a51a723ec6cb0483","","55,928.65341985","$0.00","ERC-20: POL(POL)"